Workbook

Sheet Распределение объектов
B1: № | C1: Объект | D1: Заказчик | E1: Договор / адрес
B2: =ROW()-1 -> 1 | C2: Алтуфьевское шоссе | D2: ООО "ПИК-УК"
B4: =ROW()-1 -> 3 | C4: Амурский парк | D4: ООО "ГЛОБАЛСТРОЙТЕХ"
E5: ул. Амурская, вл. 2, Блок 1, корп. 1.1-1.5. | F5: ул. Амурская, вл.2А, Блок 4, корп. 4.1-4.5. | G5: г. Москва, ул. Амурская, вл. 2, ДОО на 250 мест. | H5: ул. Амурская, вл. 2, Блок 4, этап 4.1 с БКФН и подз. паркингом.
B6: =ROW()-1 -> 5 | C6: Большая Академическая | D6: ООО "ПИК-УК"
E7: г. Москва, 3-й Нижнелихоборский пр-д, вл. 1, корп. 3.1-3.4. | F7: 3-й Нижнелихоборский пр-д, вл. 1, корп. 3.1-3.4 | G7: г. Москва, 3-й Нижнелихоборский пр-д, вл. 1, площадка. | H7: г. Москва, 3-й Нижнелихоборский пр-д, вл. 1, площадка.
B8: =ROW()-1 -> 7 | C8: Бусиновский парк (Ижорская, Коровинское) | D8: ООО "ПИК-УК"
B10: =ROW()-1 -> 9 | C10: Волжский парк (1-й Грайвороновский) | D10: ООО "ПИК-МЕНЕДЖМЕНТ" | E10: В5-СП-СК от 28.10.2022 №ВП5.2-СКАЛА-ЗР от 28.06.2023 | F10: № ВП6.2-СКАЛА-СПС 11.12.2024 года ВП6.2-СКАЛА-МР от 16.12.2024 года
E11: г. Москва, 1-й Грайвороновский пр-д, вл. 3, общедомовой к корп. 5.1-5.4 | F11: г. Москва, 1-й Грайвороновский пр-д, вл. 3, корп. 6.2 | G11: г. Москва, 1-й Грайвороновский пр-д, вл. 3, корп. 11, паркинг на 425 м/м | H11: г. Москва, 1-й Грайвороновский пр-д, вл. 3, площадка
B12: =ROW()-1 -> 11 | C12: Грин Парк | D12: ООО "ПИК-МЕНЕДЖМЕНТ"
E13: ВДНХ, ул. Сельскохозяйственная, вл. 35, оч. 3, БНК на 270 мест с СОШ на 825 мест. | F13: г. Москва, ВДНХ, ул. Сельскохозяйственная, вл. 35, оч. 3, Блок 8. | G13: г. Москва, ВДНХ, вл. 35, оч. 3, ДОУ 3. | H13: г. Москва, ВДНХ, ул. Сельскохозяйственная, вл. 35, оч. 3, СОШ (825 мест).
B14: =ROW()-1 -> 13 | C14: Зеленоград (Зелёный парк) | D14: ООО "ПИК-УК"
B16: =ROW()-1 -> 15 | C16: Кавказский бульвар | D16: ООО "ПИК-УК"
E17: г. Москва, Кавказский б-р, вл. 51, площадка | F17: г. Москва, Кавказский б-р, вл. 51, ДОО на 250 мест, Этап 3.2
B18: =ROW()-1 -> 17 | C18: Красноказарменная | D18: ООО "ПИК-МЕНЕДЖМЕНТ"
E19: г. Москва, Красноказарменная 15, Этап 3, ДОО на 110 мест | F19: г. Москва, Красноказарменная 15, площадка
B20: =ROW()-1 -> 19 | C20: Кронштадский 11 | D20: ООО "ГЛОБАЛСТРОЙТЕХ"
B22: =ROW()-1 -> 21 | C22: Ленингадское шоссе (КИН) | D22: ООО "ПИК-УК"
E23: Ленинградское шоссе 67.
B24: =ROW()-1 -> 23 | C24: Люберецкий | D24: ООО "ГП-МО"
E25: Люберцы, ЖК Люберецкий, площадка. | F25: г. Люберцы, ЖК Люберецкий, мобилизация корпус 9.2.
B26: =ROW()-1 -> 25 | C26: Люблинский парк | D26: ООО "ГЛОБАЛСТРОЙТЕХ"
B28: =ROW()-1 -> 27 | C28: Матвеевский парк ( Vangarden, Среда на Лобачевского) | D28: ООО "ПИК-УК"
E29: г. Москва, Очаковское ш., вл. 3, 3А, 5, площадка 77:07:0012008:4340, 77:07:0012008:4342, 77:07:0012008:4323, 77:07:0012008:4403, 77:07:0012008:4409, 77:07:0012008:4417, 77:07:0012008:4406, 77:07:0012008:4412 | F29: г. Москва, Очаковское ш., вл. 3, 3А, 5, площадка Городок | G29: г. Москва, Очаковское ш., вл. 3, 3А, 5. Среда | H29: г. Москва, Очаковское ш., вл. 3, 3а, 5, площадка 4 очередь
B30: =ROW()-1 -> 29 | C30: Моментс (Красногорский, Волоколамское ш.) | D30: ООО "ПИК-УК"
E31: г. Москва, Волоколамское ш., вл. 28, площадка
B32: =ROW()-1 -> 31 | C32: Москворечье (Котляковский) | D32: ООО "ПИК-МЕНЕДЖМЕНТ"
E33: г. Москва, ул. Котляковская, площадка | F33: ЖК Московречье, ул.Котляковская, площадка.
B34: =ROW()-1 -> 33 | C34: Первый Московский фаза 7 к3 | D34: ООО "НДК"
B36: =ROW()-1 -> 35 | C36: Первый московский Фаза 9 к 1-2 | D36: ООО "НДК"
B38: =ROW()-1 -> 37 | C38: Первый московский Фаза 9 к 3-4 | D38: ООО "НДК"
B40: =ROW()-1 -> 39 | C40: Полярная | D40: ООО "ПИК-МЕНЕДЖМЕНТ"
E41: ул. Полярная, вл. 25, площадка.
C42: Рассказовка фаза 12 | D42: ООО "НДК"
B44: =ROW()-1 -> 43 | C44: Рассказовка фаза 13 | D44: ООО "НДК"
B46: =ROW()-1 -> 45 | C46: Рассказовка фаза 18 | D46: ООО "НДК"
B48: =ROW()-1 -> 47 | C48: Саларьево парк | D48: ООО "ПИК-МЕНЕДЖМЕНТ"
E49: Многоэтажный жилой дом, корпус 74 | F49: д. Саларьево, 14 очередь, корп. 83 | G49: д. Саларьево, 11-я очередь, корп. 57 | H49: корпус 69 | I49: корпус 56 | J49: корпус 86 | K49: корпус 20 | L49: д. Саларьево, 11-я очередь | M49: д. Саларьево, 12-я очередь | N49: д. Саларьево, 13-я очередь | O49: д. Саларьево, 14-я очередь | P49: д. Саларьево, площадка
B50: =ROW()-1 -> 49 | C50: Северный терминал (Ижорская, Коровинское) | D50: ООО "ПИК-УК"
B52: =ROW()-1 -> 51 | C52: Середневский лес (Филимонковское, ОАО "Марьинская птицефабрика") | D52: ООО "ПИК-МЕНЕДЖМЕНТ"
B54: =ROW()-1 -> 53 | C54: Сигнальный | D54: ООО "ГЛОБАЛСТРОЙТЕХ"
E55: г. Москва, Сигнальный пр-д, вл. 16, блок 2, корп. 2.1.2, 2.1.3, 2.2 с подземным паркингом. | F55: г. Москва, Сигнальный пр-д, вл. 16, СОШ на 600 мест. | G55: г. Москва, Сигнальный пр-д, вл. 16, ДОО на 250 мест
B56: =ROW()-1 -> 55 | C56: Часовая (Soul) | D56: ООО "ПИК-УК"
E57: г.Москва, ул.Часовая, вл.28, площадка
B58: =ROW()-1 -> 57 | C58: Шереметьевский | D58: ООО "ГП-МСК"
E59: г. Москва, Марьина роща, Складочная улица, вл.6, СОШ на 650 мест
B60: =ROW()-1 -> 59 | C60: Ютаново (Газопровод) | D60: ООО "ПИК-УК"

Sheet Лист2
A1: Волжский парк | B1: В5-СП-СК | C1: г. Москва, 1-й Грайвороновский пр-д, вл. 3, общедомовой к корп. 5.1-5.4
A2: Волжский парк | B2: ВП-М-СК | C2: г. Москва, 1-й Грайвороновский пр-д, вл. 3, площадка
A3: Волжский парк | B3: ВП5.2-СКАЛА-ЗР | C3: г. Москва, 1-й Грайвороновский пр-д, вл. 3, корп. 5.2
A4: Волжский парк | B4: ВП6.2-СКАЛА-СПС | C4: г. Москва, 1-й Грайвороновский пр-д, вл. 3, корп. 6.1, 6.2
A5: Волжский парк | B5: ВП6.2-СКАЛА-МР | C5: г. Москва, 1-й Грайвороновский пр-д, вл. 3, 6-ой очереди
A6: Волжский парк | B6: ВП7-СКАЛА-ССП | C6: г. Москва, 1-й Грайвороновский пр-д, вл. 3, корп. 7, ДОУ на 300 мест
A7: Волжский парк | B7: ВП5.1-5.4-СКАЛА-ССП | C7: г. Москва, 1-й Грайвороновский пр-д, вл. 3, общедомовой к корп. 5.1-5.4
A8: Волжский парк | B8: ВП5.1-5.4-СКАЛА-МЗ | C8: г. Москва, 1-й Грайвороновский пр-д, вл. 3, общедомовой к корп. 5.1-5.4
A9: Волжский парк | B9: ВП-СКАЛА-ВЖББ-ПЛОЩ | C9: г. Москва, 1-й Грайвороновский пр-д, вл. 3, площадка
A10: Волжский парк | B10: ВП11-СКАЛА-СКПТ | C10: г. Москва, 1-й Грайвороновский пр-д, вл. 3, корп. 11, паркинг на 425 м/м
A11: Волжский парк | B11: 22443398 | C11: г. Москва, 1-й Грайвороновский пр-д, вл. 3, корп. 11, паркинг на 425 м/м
A12: Волжский парк | B12: ВП5.1-5.4-СКАЛА-ССП | C12: г. Москва, 1-й Грайвороновский пр-д, вл. 3, общедомовой к корп. 5.1-5.4
... A16: Волжский парк | B16: ВП6.2-СКАЛА-МР | C16: г. Москва, 1-й Грайвороновский пр-д, вл. 3, корп. 6.2
A19: Кавказский бульвар 51 | B19: КБ51-СКЛ-Экс/ДОО | C19: 45097 | D19: г. Москва, Кавказский б-р, вл. 51, ДОО на 250 мест, Этап 3.2 б
A20: Кавказский бульвар 51 | B20: КБ51-СКЛ-Моб/ДОО | C20: 45097 | D20: г. Москва, Кавказский б-р, вл. 51, ДОО на 250 мест, Этап 3.2 б
A21: Кавказский бульвар 51 | B21: КБ51-СКЛ-Мех/ДОО | C21: 45097 | D21: г. Москва, Кавказский б-р, вл. 51, ДОО на 250 мест, Этап 3.2 б
A22: Кавказский бульвар 51 | B22: КБ51-Скала-МБЛЗ/эт2 | C22: 45399 | D22: г. Москва, Кавказский б-р, вл. 51, 1-я оч., этап 2, корп. 1.5, 1.6 с подземным паркингом на 133 м/м
A23: Кавказский бульвар 51 | B23: КБ51-Скала-РВР-МУС/эт2 | C23: 45566 | D23: г. Москва, Кавказский б-р, вл. 51, 1-я оч., этап 2, корп. 1.5, 1.6 с подземным паркингом на 133 м/м
A24: Кавказский бульвар 51 | B24: КБ51-СКЛ-Мех.5087447/пл | C24: 45559 | D24: г. Москва, Кавказский б-р, вл. 51, площадка
A25: Кавказский бульвар 51 | B25: КБ51-СКЛ-ВДПР/пл | C25: 45593 | D25: г. Москва, Кавказский б-р, вл. 51, площадка
A26: Кавказский бульвар 51 | B26: КБ51-Скала-Экс/пл | C26: 45736 | D26: г. Москва, Кавказский б-р, вл. 51, площадка
A27: Кавказский бульвар 51 | B27: КБ51-Скала-РВР-МУС/эт2 | C27: 45566 | D27: г. Москва, Кавказский б-р, вл. 51, 1-я оч., этап 2, корп. 1.5, 1.6 с подземным паркингом на 133 м/м
A28: Кавказский бульвар 51 | B28: КБ51-СКЛ-Экс/ДОО | C28: 45097 | D28: г. Москва, Кавказский б-р, вл. 51, ДОО на 250 мест, Этап 3.2 б
A30: Комьюнити центр ОМА | B30: 18183437 | C30: 45261 | D30: г. Москва, Очаковское ш., ТЦ "Матвеевский"
A32: Матвеевский/Вангарден | B32: СК-Моб-ОЧш | C32: 44256 | D32: г. Москва, Очаковское ш., вл. 3, 3А, 5, площадка
... A115: Vangarden | B115: СК-МОБ/ОЧШ-5.1-5.8 | C115: 45365 | D115: г. Москва, Очаковское ш., вл. 3, 3А, 5, площадка

Sheet Таблицы
B2: Поставка материалов на площадки СКАЛА
B3: Реестр авансов СКАЛА
B4: К СОВЕЩАНИЮ
B5: Согласование КС СКАЛА

Sheet Список договоров
J1: РЕЕСТР ДЕЙСТВУЮЩИХ КОНТРАКТОВ ООО "СКАЛА"
J2: Актуальная инфомация на 30.09.2026 | V2: =134682487.75-2901585.12-1019567.64 -> 130761335 | W2: =173621682.52-556937.98-1557100 -> 1.7150764e+08 | X2: =122304460.57-390000 -> 1.2191446e+08 | Y2: =124683109.69-1019567.64 -> 1.2366354e+08 | Z2: =105211629.64-2621909.5 -> 1.0258972e+08 | AA2: 1.0479147e+08
V3: 2 квартал 2026 | Y3: 3 квартал 2026
A4: ПТО | B4: № п/п | C4: Объекты Адрес/корпус/очередь | D4: Заказчик | E4: Статус | F4: Договор | G4: Объект и адрес по договору | H4: Адрес ПИК | I4: Вид работ | J4: ГПР | M4: Сумма договора, руб | N4: Сумма договора, руб на 21.04.2026 | O4: ПДЦ 21.04.2026 - 04.05.2026 | P4: ПДЦ 04.05.2026 - 15.06.2026 | Q4: ПДЦ 16.06.2026-31.07.2026 | R4: ПДЦ актуально на 30.09.26 | S4: Шаблон | T4: Выполнено, руб | U4: Актуально на 21.04.2026 | V4: Выполнение апрель | W4: Выполнение май | X4: Выполнение июнь | Y4: Выполнение июль | Z4: Выполнение август | AA4: Выполнение сентябрь | AB4: Шаблон | AD4: РП/Прораб | AP4: Примечания
J5: Общая стоимость контрактов, руб. | M5: =M7+M155 -> 3338915348 | N5: =N7+N155 -> 3003467463 | O5: =O7+O155 -> 5.8096377e+08 | P5: =P7+P155 -> 2.8940028e+08 | Q5: =Q7+Q155 -> 1.4069944e+08 | R5: =R7+R155 -> 1.9925049e+08 | S5: =S7+S155 -> 0 | T5: =SUM(U5:AA5) -> 2330678249 | U5: =U7+U155 -> 1563409969 | V5: =V7+V155 -> 1.2200521e+08 | W5: =W7+W155 -> 1.7048808e+08 | X5: =X7+X155 -> 1.2191446e+08 | Y5: =Y7+Y155 -> 1.2366354e+08 | Z5: =Z7+Z155 -> 1.0258972e+08 | AA5: =AA7+AA155 -> 1.2660727e+08 | AB5: =AB7+AB155 -> 0
J6: ЗАКАЗЧИК ПИК | V6: =SUM(V5:X5) -> 4.1440775e+08 | Y6: =SUM(Y5:AA5) -> 3.5286053e+08
J7: Общая стоимость по Заказчику ПИК, руб. | M7: =M8+M15+M20+M35+M37+M57+M82+M86+M95+M108+M111+M114+M117+M122+M125+M129+M132+M54+M137+M148 -> 2529356221 | N7: =N8+N15+N20+N35+N37+N57+N82+N86+N95+N108+N111+N114+N117+N122+N125+N129+N132+N54+N137+N148 -> 2169570623 | O7: =O8+O15+O20+O35+O37+O57+O82+O86+O95+O108+O111+O114+O117+O122+O125+O129+O132+O54+O137+O148 -> 5.8096377e+08 | P7: =P8+P15+P20+P35+P37+P57+P82+P86+P95+P108+P111+P114+P117+P122+P125+P129+P132+P54+P137+P148 -> 2.6150338e+08 | Q7: =Q8+Q15+Q20+Q35+Q37+Q57+Q82+Q86+Q95+Q108+Q111+Q114+Q117+Q122+Q125+Q129+Q132+Q54+Q137+Q148 -> 1.4069944e+08 | R7: =R8+R15+R20+R35+R37+R57+R82+R86+R95+R108+R111+R114+R117+R122+R125+R129+R132+R54+R137+R148 -> 1.9925049e+08 | S7: =S8+S15+S20+S35+S37+S57+S82+S86+S95+S108+S111+S114+S117+S122+S125+S129+S132+S54+S137+S148 -> 0 | T7: =SUM(U7:AA7) -> 1877906095 | U7: =U8+U15+U20+U35+U37+U57+U82+U86+U95+U108+U111+U114+U117+U122+U125+U129+U132+U54+U137+U148 -> 1252888812 | V7: =V8+V15+V20+V35+V37+V57+V82+V86+V95+V108+V111+V114+V117+V122+V125+V129+V132+V54+V137+V148+V89+V151 -> 1.0119335e+08 | W7: =W8+W15+W20+W35+W37+W57+W82+W86+W95+W108+W111+W114+W117+W122+W125+W129+W132+W54+W137+W148+W89+W151 -> 1.5526138e+08 | X7: =X8+X15+X20+X35+X37+X57+X82+X86+X95+X108+X111+X114+X117+X122+X125+X129+X132+X54+X137+X148+X89+X151 -> 85071984 | Y7: =Y8+Y15+Y20+Y35+Y37+Y57+Y82+Y86+Y95+Y108+Y111+Y114+Y117+Y122+Y125+Y129+Y132+Y54+Y137+Y148+Y89+Y151 -> 1.1008544e+08 | Z7: =Z8+Z15+Z20+Z35+Z37+Z57+Z82+Z86+Z95+Z108+Z111+Z114+Z117+Z122+Z125+Z129+Z132+Z54+Z137+Z148+Z89+Z151 -> 84131515 | AA7: =AA8+AA15+AA20+AA35+AA37+AA57+AA82+AA86+AA95+AA108+AA111+AA114+AA117+AA122+AA125+AA129+AA132+AA54+AA137+AA148+AA89+AA151 -> 89273603 | AB7: =AB8+AB15+AB20+AB35+AB37+AB57+AB82+AB86+AB95+AB108+AB111+AB114+AB117+AB122+AB125+AB129+AB132+AB54+AB137+AB148 -> 0
A8: Н | B8: 1 | C8: Волжский парк | D8: ООО "ПИК-МЕНЕДЖМЕНТ" | L8: =T8/M8 -> 0.82897613 | M8: =SUM(M9:M14) -> 89525474 | N8: =SUM(N9:N14) -> 78450355 | O8: =SUM(O9:O14) -> 0 | P8: =SUM(P9:P14) -> 57242876 | Q8: =SUM(Q9:Q14) -> 0 | R8: =SUM(R9:R14) -> 0 | S8: =SUM(S9:S14) -> 0 | T8: =SUM(U8:AA8) -> 74214480 | U8: =SUM(U9:U14) -> 44432755 | V8: =SUM(V9:V14) -> 9312566.6 | W8: =SUM(W9:W14) -> 11430277 | X8: =SUM(X9:X14) -> 3918363.7 | Y8: =SUM(Y9:Y14) -> 1259122.4 | Z8: =SUM(Z9:Z14) -> 2602272.5 | AA8: =SUM(AA9:AA14) -> 1259122.4 | AB8: =SUM(AB9:AB14) -> 0 | AD8: Бочаев Руслан Хасанович/ -
A9: Н | B9: 1.1 | C9: Корпус 6 | E9: Активный | F9: ВП6.2-СКАЛА-МР от 16.12.2024 | G9: «Жилые дома Корпуса 6.1, 6.2. Этап 2. Корпус 6.2» по адресу: Москва, ЮВАО, Текстильщики, у-й Грайвороновский проезд, вл.3 | H9: г. Москва, 1-й Грайвороновский пр-д, вл. 3, 6-ой очереди | I9: Мобилизация | J9: 45611 | K9: 46203 | L9: =T9/M9 -> 0.67140797 | M9: =MAX(N9:R9) -> 21032010 | N9: 19044343 | P9: 21032010 | T9: =SUM(U9:AA9) -> 14121059 | U9: 6367680.4 | V9: 2082960 | W9: 3682752.2 | X9: 1987666.2 | Y9: =SUMIF('07.26'!$J$4:$J$1000,$F9,'07.26'!$M$4:$M$1000) -> 0 | Z9: =SUMIF('08.26'!$J$4:$J$1000,$F9,'08.26'!$M$4:$M$1000) -> 0 | AA9: =SUMIF('09.26'!$J$4:$J$1429,$F9,'09.26'!$M$4:$M$1429) -> 0
A10: Н | E10: Активный | F10: ВП6.2-СКАЛА-СПС от 11.12.2024 | G10: «Жилые дома Корпуса 6.1, 6.2. Этап 2. Корпус 6.2» по адресу: Москва, ЮВАО, Текстильщики, у-й Грайвороновский проезд, вл.3 | H10: г. Москва, 1-й Грайвороновский пр-д, вл. 3, корп. 6.1, 6.2 | I10: Эксплуатация | J10: 46023 | K10: 46112 | L10: =T10/M10 -> 0.88775846 | M10: =MAX(N10:R10) -> 36210866 | N10: 29591768 | P10: 36210866 | T10: =SUM(U10:AA10) -> 32146503 | U10: =24591768.04-V10 -> 17834209 | V10: 6757559.1 | W10: 2518244.9 | X10: 1259122.4 | Y10: =SUMIF('07.26'!$J$4:$J$1000,$F10,'07.26'!$M$4:$M$1000) -> 1259122.4 | Z10: =SUMIF('08.26'!$J$4:$J$1000,$F10,'08.26'!$M$4:$M$1000) -> 1259122.4 | AA10: =SUMIF('09.26'!$J$4:$J$1429,$F10,'09.26'!$M$4:$M$1429) -> 1259122.4 | AP10: НЗ на продление на подписании
A11: Н | B11: 1.2 | C11: Площадка | E11: Закрыт | F11: ВП-СКАЛА-ВЖББ-ПЛОЩ от 04.08.2025 | G11: объекты капитального строительства, расположенные на земельном (-ых) участке (-ах) с кадастровым (-и) номером (-ами): 77:04:0002005, по адресу: г. Москва, 1-й Грайвороновский пр-д, вл. 3, площадка | H11: г. Москва, 1-й Грайвороновский пр-д, вл. 3, площадка | I11: Мобилизация | J11: 45789 | K11: 46387 | L11: =T11/M11 -> 1 | M11: 1242897.7 | N11: 1292350.9 | T11: =SUM(U11:AA11) -> 1242897.7 | U11: 1242897.7 | Y11: =SUMIF('07.26'!$J$4:$J$1000,$F11,'07.26'!$M$4:$M$1000) -> 0 | Z11: =SUMIF('08.26'!$J$4:$J$1000,$F11,'08.26'!$M$4:$M$1000) -> 0 | AA11: =SUMIF('09.26'!$J$4:$J$1429,$F11,'09.26'!$M$4:$M$1429) -> 0 | AP11: пока на стопе, но в будущем работы планируются на площадке
A12: Н | E12: Закрыт | F12: ВП-СКАЛА-ЭКСП от 17.04.2026 | G12: объекты капитального строительства, расположенные на земельном (-ых) участке (-ах) с кадастровым (-и) номером (-ами): 77:04:0002005:16049, по адресу: г. Москва, 1-й Грайвороновский пр-д, вл. 3, площадка | H12: г. Москва, 1-й Грайвороновский пр-д, вл. 3, площадка | I12: Эксплуатация | J12: 46023 | K12: 46112 | L12: =T12/M12 -> 1 | M12: =MAX(N12:R12) -> 4436583.1 | N12: 4436583.1 | T12: =SUM(U12:AA12) -> 4436583.1 | U12: 0 | W12: 4436583.1 | Y12: =SUMIF('07.26'!$J$4:$J$1000,$F12,'07.26'!$M$4:$M$1000) -> 0 | Z12: =SUMIF('08.26'!$J$4:$J$1000,$F12,'08.26'!$M$4:$M$1000) -> 0 | AA12: =SUMIF('09.26'!$J$4:$J$1429,$F12,'09.26'!$M$4:$M$1429) -> 0 | AP12: подписали 21.04.2026, полностью забираем апрель
A13: Н | E13: Закрыт | F13: ВП5.2-СКАЛА-ЗР от 28.06.2023 | G13: объекты капитального строительства, расположенные на земельном (-ых) участке (-ах) с кадастровым (-и) номером (-ами): 77:04:0002005, по адресу: г. Москва, 1-й Грайвороновский пр-д, вл. 3, площадка | H13: г. Москва, 1-й Грайвороновский пр-д, вл. 3, площадка | I13: Мобилизация | J13: 45040 | K13: 46113 | L13: =T13/M13 -> 1 | M13: 2517807.5 | T13: =SUM(U13:AA13) -> 2517807.5 | U13: =2517807.54-V13 -> 2381547.5 | V13: 136260
A14: Н | B14: 1.3 | C14: Корпус 5 | E14: Активный | F14: В5-СП-СК от 06.10.2022 | G14: объект капитального строительства,предполагаемый к размещению на земельном (-ых) участке (-ах) с кадастровым (-и) номером (- ами): 77:04:0002005:10954, по адресу: г. Москва, 1-й Грайвороновский пр., вл. 3 (корп. 5.1, 5.2, 5.3, 5.4) | H14: г. Москва, 1-й Грайвороновский пр-д, вл. 3, общедомовой к корп. 5.1-5.4 | I14: Мобилизация | J14: 44805 | K14: 46387 | L14: =T14/M14 -> 0.81998657 | M14: =MAX(N14:R14) -> 24085310 | N14: 24085310 | T14: =SUM(U14:AA14) -> 19749630 | U14: 16606421 | V14: 335787.52 | W14: 792697.2 | X14: 671575.03 | Y14: =SUMIF('07.26'!$J$4:$J$1000,$F14,'07.26'!$M$4:$M$1000) -> 0 | Z14: =SUMIF('08.26'!$J$4:$J$1000,$F14,'08.26'!$M$4:$M$1000) -> 1343150.1 | AA14: =SUMIF('09.26'!$J$4:$J$1429,$F14,'09.26'!$M$4:$M$1429) -> 0 | AP14: Корпуса сдали/ закупаем заказчику бытовки еще через остатки в договоре
A15: Н | B15: 2 | C15: Кавказский б-р, вл. 51 | D15: ООО "ПИК-УК" | L15: =T15/M15 -> 0.91622931 | M15: =SUM(M16:M19) -> 44943646 | N15: =SUM(N16:N19) -> 32476099 | O15: =SUM(O16:O19) -> 0 | P15: =SUM(P16:P19) -> 0 | Q15: =SUM(Q16:Q19) -> 0 | R15: =SUM(R16:R19) -> 0 | S15: =SUM(S16:S19) -> 0 | T15: =SUM(U15:AA15) -> 41178686 | U15: =SUM(U16:U19) -> 36572446 | V15: =SUM(V16:V19) -> 2576090 | W15: =SUM(W16:W19) -> 340150 | X15: =SUM(X16:X19) -> 0 | Y15: =SUM(Y16:Y19) -> 600000 | Z15: =SUM(Z16:Z19) -> 1090000 | AA15: =SUM(AA16:AA19) -> 0 | AB15: =SUM(AB16:AB19) -> 0 | AD15: Бочаев Руслан Хасанович/ Ациев Абдулгалим Рабаданович
A16: Н | B16: 2.1 | C16: Площадка | E16: В процессе закрытия | F16: КБ51-СКЛ-ВДПР/пл от 28.10.2024 | G16: объекты капитального строительства, расположенные на земельном (-ых) участке (-ах) с кадастровым (-и) номером (-ами): 77:05:0005006:4958; 77:05:0005006:4954; 77:05:0005006:4953, по адресу: г. Москва, Кавказский б-р, вл. 51, площадка | H16: г. Москва, Кавказский б-р, вл. 51, площадка | I16: Электрика/водопровод | J16: 45551 | K16: 30.06.2026* | L16: =T16/M16 -> 0.73758616 | M16: =MAX(N16:R16) -> 2612967.7 | N16: 2612967.7 | T16: =SUM(U16:AA16) -> 1927288.8 | U16: 1927288.8 | Y16: =SUMIF('07.26'!$J$4:$J$1000,$F16,'07.26'!$M$4:$M$1000) -> 0 | Z16: =SUMIF('08.26'!$J$4:$J$1000,$F16,'08.26'!$M$4:$M$1000) -> 0 | AA16: =SUMIF('09.26'!$J$4:$J$1429,$F16,'09.26'!$M$4:$M$1429) -> 0
A17: Н | E17: Закрыт | F17: КБ51-Скала-РВР-МУС/эт2 от 01.10.2024 | G17: объект капитального строительства: корп. 1.5, 1.6, входящий в состав имущественного комплекса: «Общественно-жилая застройка, 1-я очередь строительства (корпуса 1.1, 1.2, 1.3, 1.4, 1.5, 1.6)» по адресу: Российская Федерация, город Москва, внутригородская территория муниципальный округ Царицыно, Кавказский бульвар, земельный участок 51 | H17: г. Москва, Кавказский б-р, вл. 51, 1-я оч., этап 2, корп. 1.5, 1.6 с подземным паркингом на 133 м/м | I17: Вывоз мусора | J17: 45537 | K17: 30.06.2026* | L17: =T17/M17 -> 1 | M17: =MAX(N17:R17) -> 893700 | N17: 893700 | P17: 893 700,00 | T17: =SUM(U17:AA17) -> 893700 | U17: 766200 | W17: 127500 | Y17: =SUMIF('07.26'!$J$4:$J$1000,$F17,'07.26'!$M$4:$M$1000) -> 0 | Z17: =SUMIF('08.26'!$J$4:$J$1000,$F17,'08.26'!$M$4:$M$1000) -> 0 | AA17: =SUMIF('09.26'!$J$4:$J$1429,$F17,'09.26'!$M$4:$M$1429) -> 0 | AP17: допник на согласовании
A18: Н | E18: В процессе закрытия | F18: КБ51-СКЛ-Моб/ДОО от 20.06.2023 | I18: Мобилизация | J18: 45139 | K18: 45900 | L18: =T18/M18 -> 0.74412307 | M18: 12034229 | T18: =SUM(U18:AA18) -> 8954947.1 | U18: 8742297.1 | W18: 212650 | Y18: =SUMIF('07.26'!$J$4:$J$1000,$F18,'07.26'!$M$4:$M$1000) -> 0 | Z18: =SUMIF('08.26'!$J$4:$J$1000,$F18,'08.26'!$M$4:$M$1000) -> 0 | AA18: =SUMIF('09.26'!$J$4:$J$1429,$F18,'09.26'!$M$4:$M$1429) -> 0
A19: Н | B19: 2.2 | C19: ДОО | E19: Подать на закрытие | F19: КБ51-СКЛ-Экс/ДОО от 20.06.2023 | G19: объект капитального строительства: «Дошкольная образовательная организация на 250 мест» по адресу: г. Москва, Кавказский б-р, вл. 51, ДОО на 250 мест, Этап 3.2 б | H19: г. Москва, Кавказский б-р, вл. 51, ДОО на 250 мест, Этап 3.2 б | I19: Эксплуатация | J19: 45870 | K19: 46173 | L19: =T19/M19 -> 1 | M19: 29402750 | N19: 28969432 | T19: =SUM(U19:AA19) -> 29402750 | U19: 25136660 | V19: 2576090 | Y19: =SUMIF('07.26'!$J$4:$J$1000,$F19,'07.26'!$M$4:$M$1000) -> 600000 | Z19: =SUMIF('08.26'!$J$4:$J$1000,$F19,'08.26'!$M$4:$M$1000) -> 1090000 | AA19: =SUMIF('09.26'!$J$4:$J$1429,$F19,'09.26'!$M$4:$M$1429) -> 0 | AP19: до мая
A20: Н | B20: 3 | C20: Матвеевский парк | D20: ООО "ПИК-УК" | L20: =T20/M20 -> 0.7547097 | M20: =SUM(M21:M34) -> 3.9690028e+08 | N20: =SUM(N21:N34) -> 3.4064068e+08 | O20: =SUM(O21:O34) -> 51161864 | P20: =SUM(P21:P34) -> 1.6126559e+08 | Q20: =SUM(Q21:Q34) -> 89921646 | R20: =SUM(R21:R34) -> 95922807 | S20: =SUM(S21:S34) -> 0 | T20: =SUM(T21:T34) -> 2.9954449e+08 | ... AB20: =SUM(AB21:AB34) -> 0 | AD20: Бочаев Руслан Хасанович/ Газзаев Алан Владимирович
A21: Н | B21: 3.1 | C21: Площадка | E21: Активный | F21: 021501717 от 05.05.2025 | G21: объекты капитального строительства, расположенные на земельном (-ых) участке (-ах) с кадастровым (-и) номером (-ами): 77:07:0012008:4324, по адресу: г. Москва, Очаковское ш., вл. 3, 3А, 5, площадка. | H21: г. Москва, Очаковское ш., вл. 3, 3А, 5, площадка | I21: Мобилизация | J21: 45768 | K21: 46326 | L21: =T21/M21 -> 0.63229391 | M21: =MAX(N21:R21) -> 32060692 | N21: 16837904 | Q21: 19805479 | R21: 32060692 | T21: =SUM(U21:AA21) -> 20271780 | U21: 9159594.4 | V21: 5763418.9 | W21: 1208634 | X21: 498320 | Y21: =SUMIF('07.26'!$J$4:$J$1000,$F21,'07.26'!$M$4:$M$1000) -> 2742907.3 | Z21: =SUMIF('08.26'!$J$4:$J$1000,$F21,'08.26'!$M$4:$M$1000) -> 0 | AA21: =SUMIF('09.26'!$J$4:$J$1429,$F21,'09.26'!$M$4:$M$1429) -> 898905.46
A22: Н | E22: Активный | F22: 022446936 от 23.10.2025 | G22: объекты капитального строительства, расположенные на земельном (-ых) участке (-ах) с кадастровым (-и) номером (-ами): 77:07:0012008:4341, 77:07:0012008:4403, 77:07:0012008:4413, 77:07:0012008:4342, по адресу: город Москва, вн.тер.г. муниципальный округ Очаково-Матвеевское, шоссе Очаковское, земельный участок 3А/32А. | H22: г. Москва, Очаковское ш., вл. 3, 3А, 5, площадка | I22: Электрика | J22: 45929 | K22: 46326 | L22: =T22/M22 -> 0.856058 | M22: =MAX(N22:R22) -> 1562091 | N22: 898226.71 | Q22: 1479646 | R22: 1562091 | T22: =SUM(U22:AA22) -> 1337240.5 | U22: 578276.21 | V22: 47550 | Y22: =SUMIF('07.26'!$J$4:$J$1000,$F22,'07.26'!$M$4:$M$1000) -> 628969.31 | Z22: =SUMIF('08.26'!$J$4:$J$1000,$F22,'08.26'!$M$4:$M$1000) -> 0 | AA22: =SUMIF('09.26'!$J$4:$J$1429,$F22,'09.26'!$M$4:$M$1429) -> 82444.95
A23: Н | B23: 3.2 | C23: Дороги между очередями | E23: Активный | F23: 021963258 от 29.07.2025 | G23: объекты капитального строительства, расположенные на земельном (-ых) участке (-ах) с кадастровым (-и) номером (-ами): 77:07:0012008:4340, 77:07:0012008:4342, 77:07:0012008:4323, 77:07:0012008:4403, 77:07:0012008:4409, 77:07:0012008:4417, 77:07:0012008:4406, по адресу: г. Москва, вн.тер.г. муниципальный округ Очаково- Матвеевское, шоссе Очаковское, земельный участок 3А/32А, земельный участок 5А/47 | H23: г. Москва, Очаковское ш., вл. 3, 3А, 5, площадка | I23: Эксплуатация | J23: 45809 | K23: 30.06.2026* | L23: =T23/M23 -> 0.83324976 | M23: =MAX(N23:R23) -> 81516997 | N23: 60552777 | P23: 81516997 | T23: =SUM(U23:AA23) -> 67924019 | U23: 29552777 | W23: 22387443 | X23: 3995949.6 | Y23: =SUMIF('07.26'!$J$4:$J$1000,$F23,'07.26'!$M$4:$M$1000) -> 3995949.6 | Z23: =SUMIF('08.26'!$J$4:$J$1000,$F23,'08.26'!$M$4:$M$1000) -> 3995949.6 | AA23: =SUMIF('09.26'!$J$4:$J$1429,$F23,'09.26'!$M$4:$M$1429) -> 3995949.6 | AP23: ДС продление 2026 / согласование
A24: Н | B24: 3.3 | C24: Бытовой городок | E24: Активный | F24: 021616823 от 23.05.2025 | G24: объекты капитального строительства, расположенные на земельном (-ых) участке (-ах) с кадастровым (-и) номером (-ами): 77:07:0012008:4402, по адресу: г. Москва, Очаковское ш., вл. 3, 3А, 5, площадка | H24: г. Москва, Очаковское ш., вл. 3, 3А, 5, площадка | I24: Эксплуатация | J24: 45778 | K24: 46387 | L24: =T24/M24 -> 0.84573538 | M24: =MAX(N24:R24) -> 32050456 | N24: 32050456 | T24: =SUM(U24:AA24) -> 27106204 | U24: 17791693 | V24: 1552418.5 | W24: 1552418.5 | X24: 1552418.5 | Y24: =SUMIF('07.26'!$J$4:$J$1000,$F24,'07.26'!$M$4:$M$1000) -> 1552418.5 | Z24: =SUMIF('08.26'!$J$4:$J$1000,$F24,'08.26'!$M$4:$M$1000) -> 1552418.5 | AA24: =SUMIF('09.26'!$J$4:$J$1429,$F24,'09.26'!$M$4:$M$1429) -> 1552418.5
A25: Н | B25: 3.4 | C25: Проектируемый проезд № 1439 | E25: Активный | F25: 023164846 от 11.03.2026 | G25: объекты капитального строительства, расположенные на земельном (-ых) участке (-ах) с кадастровым (-и) номером (-ами): 77:07:0012008:4398, по адресу: город Москва, внутригородская территория муниципальный округ Очаково-Матвеевское, проезд Стройкомбината, земельный участок 1А | H25: г. Москва, Очаковское ш., вл. 3, 3А, 5, площадка | I25: Эксплуатация | J25: 46082 | K25: 46326 | L25: =T25/M25 -> 0.87781357 | M25: =MAX(N25:R25) -> 9847079.1 | N25: 3609538.2 | Q25: 9847079.1 | T25: =SUM(U25:AA25) -> 8643899.7 | U25: 1424823.2 | V25: 1203179.4 | W25: 1203179.4 | X25: 1203179.4 | Y25: =SUMIF('07.26'!$J$4:$J$1000,$F25,'07.26'!$M$4:$M$1000) -> 1203179.4 | Z25: =SUMIF('08.26'!$J$4:$J$1000,$F25,'08.26'!$M$4:$M$1000) -> 1203179.4 | AA25: =SUMIF('09.26'!$J$4:$J$1429,$F25,'09.26'!$M$4:$M$1429) -> 1203179.4
A26: Н | B26: 3.5 | C26: 4 очередь | E26: Активный | F26: 019968493 от 03.09.2024 | G26: объекты капитального строительства, расположенные на земельном (-ых) участке (-ах) с кадастровым (-и) номером (-ами): 77:07:0012008:4100; 77:07:0012008:4101; 77:07:0012008:4083; 77:07:0012008:4075; 77:07:0012008:4096; 77:07:0012008:4097; 77:07:0012008:4077; 77:07:0012008:4095; 77:07:0012008:4091; 77:07:0012008:4081; 77:07:0012008:3750; 77:07:0012008:4094; 77:07:0012008:4084; 77:07:0012008:4079, по адресу: г. Москва, Очаковское ш., вл. 3, 3а, 5, площадка | H26: г. Москва, Очаковское ш., вл. 3, 3А, 5, площадка | I26: Эксплуатация | J26: 45474 | K26: 46387 | L26: =T26/M26 -> 0.89107712 | M26: =MAX(N26:R26) -> 63374747 | N26: 63374747 | P26: 63374747 | T26: =SUM(U26:AA26) -> 56471787 | U26: 19781197 | W26: 27366741 | X26: 1747994.2 | Y26: =SUMIF('07.26'!$J$4:$J$1000,$F26,'07.26'!$M$4:$M$1000) -> 2797454.2 | Z26: =SUMIF('08.26'!$J$4:$J$1000,$F26,'08.26'!$M$4:$M$1000) -> 2389200.2 | AA26: =SUMIF('09.26'!$J$4:$J$1429,$F26,'09.26'!$M$4:$M$1429) -> 2389200.2 | AP26: Продление
A27: Н | E27: Активный | F27: 019346722 от 30.05.2024 | G27: объекты капитального строительства, расположенные на земельном (-ых) участке (-ах) с кадастровым (-и) номером (-ами): 77:07:0012008:4402, по адресу: г. Москва, Очаковское ш., вл. 3, 3а, 5, площадка | H27: г. Москва, Очаковское ш., вл. 3, 3А, 5, площадка | I27: Мобилизация | J27: 45404 | K27: 46326 | L27: =T27/M27 -> 0.75280105 | M27: =MAX(N27:R27) -> 53251243 | N27: 48885480 | O27: 51161864 | Q27: 52551153 | R27: 53251243 | T27: =SUM(U27:AA27) -> 40087592 | U27: 33934562 | V27: 848148.69 | W27: 779785.49 | X27: 1182655.1 | Y27: =SUMIF('07.26'!$J$4:$J$1000,$F27,'07.26'!$M$4:$M$1000) -> 1117361.2 | Z27: =SUMIF('08.26'!$J$4:$J$1000,$F27,'08.26'!$M$4:$M$1000) -> 321075 | AA27: =SUMIF('09.26'!$J$4:$J$1429,$F27,'09.26'!$M$4:$M$1429) -> 1904004.4
A28: Н | E28: Активный | F28: 020226119 от 10.10.2024 | G28: объекты капитального строительства, расположенные на земельном (-ых) участке (-ах) с кадастровым (-и) номером (-ами): 77:07:0012008:4402, по адресу: Очаковское ш., вл. 3, 3А, 5, площадка | H28: г. Москва, Очаковское ш., вл. 3, 3А, 5, площадка | I28: Электрика | J28: 45537 | K28: 46234 | L28: =T28/M28 -> 0.94585424 | M28: =MAX(N28:R28) -> 6238289.6 | N28: 6133744.2 | Q28: 6238289.6 | T28: =SUM(U28:AA28) -> 5900512.7 | U28: 5399130.1 | V28: 396837.13 | Y28: =SUMIF('07.26'!$J$4:$J$1000,$F28,'07.26'!$M$4:$M$1000) -> 104545.45 | Z28: =SUMIF('08.26'!$J$4:$J$1000,$F28,'08.26'!$M$4:$M$1000) -> 0 | AA28: =SUMIF('09.26'!$J$4:$J$1429,$F28,'09.26'!$M$4:$M$1429) -> 0
A29: Н | B29: 3.6 | C29: ЖК Среда | E29: В процессе закрытия | F29: 018419783 от 25.12.2023 | G29: объекты капитального строительства, расположенные на земельном (-ых) участке (-ах) с кадастровым (-и) номером (-ами): -, по адресу: г. Москва, Очаковское ш., вл. 3, 3А, 5. | H29: г. Москва, Очаковское ш., вл. 3, 3А, 5, площадка | I29: Эксплуатация | J29: 45292 | L29: =T29/M29 -> 0.64792997 | M29: =MAX(N29:R29) -> 27959055 | N29: 27959055 | T29: =SUM(U29:AA29) -> 18115510 | U29: 18115510 | Y29: =SUMIF('07.26'!$J$4:$J$1000,$F29,'07.26'!$M$4:$M$1000) -> 0 | Z29: =SUMIF('08.26'!$J$4:$J$1000,$F29,'08.26'!$M$4:$M$1000) -> 0 | AA29: =SUMIF('09.26'!$J$4:$J$1429,$F29,'09.26'!$M$4:$M$1429) -> 0 | AP29: Продлен новым договором/ по факту все закрыто/ были ПМК, которые не обслуживали и КЛ/вода , также вышли в марте, июнь-июль 2024 простой, поэтому 4 месяца в остатке
A30: Н | E30: Активный | F30: 023532811 от 14.05.2026 | H30: г. Москва, Очаковское ш., вл. 3, 3А, 5, Площадка (Среда) | I30: Эксплуатация | J30: 46023 | K30: 46387 | L30: =T30/M30 -> 0.73932572 | M30: =MAX(N30:R30) -> 10082510 | N30: 10082510 | P30: 10082510 | T30: =SUM(U30:AA30) -> 7454258.7 | U30: 0 | W30: 4332585.5 | X30: 780418.3 | Y30: =SUMIF('07.26'!$J$4:$J$1000,$F30,'07.26'!$M$4:$M$1000) -> 780418.3 | Z30: =SUMIF('08.26'!$J$4:$J$1000,$F30,'08.26'!$M$4:$M$1000) -> 780418.3 | AA30: =SUMIF('09.26'!$J$4:$J$1429,$F30,'09.26'!$M$4:$M$1429) -> 780418.3 | AP30: смена адреса/продление/согласование договора
A31: Н | E31: Активный | F31: СК-МОБ/ОЧШ-5.1-5.8 от 14.03.2024 | G31: объекты капитального строительства, расположенные на земельном (-ых) участке (-ах) с кадастровым (-и) номером (-ами): 77:07:0012008:4413, по адресу: г. Москва, Очаковское ш., вл. 3, 3а, 5 | H31: г. Москва, Очаковское ш., вл. 3, 3А, 5, площадка | I31: Мобилизация | J31: 45292 | K31: 30.06.2026* | L31: =T31/M31 -> 0.91232223 | M31: =MAX(N31:R31) -> 44924741 | N31: 44924741 | T31: =SUM(U31:AA31) -> 40985840 | U31: 40906831 | V31: 79009 | Y31: =SUMIF('07.26'!$J$4:$J$1000,$F31,'07.26'!$M$4:$M$1000) -> 0 | Z31: =SUMIF('08.26'!$J$4:$J$1000,$F31,'08.26'!$M$4:$M$1000) -> 0 | AA31: =SUMIF('09.26'!$J$4:$J$1429,$F31,'09.26'!$M$4:$M$1429) -> 0 | AP31: новые объемы по новому договору, остатки добираются по этому
A32: Н | E32: Активный | F32: 023392699 от 17.04.2026 | G32: объекты капитального строительства, расположенные на земельном (-ых) участке (-ах) с кадастровым (-и) номером (-ами): 77:07:0012008:4413, по адресу: г. Москва, ЗАО, Очаково-Матвеевское, Очаковское ш. | H32: г. Москва, Очаковское ш., вл. 3, 3А, 5, Площадка (Среда) | I32: Мобилизация | J32: 46108 | K32: 46173 | L32: =T32/M32 -> 0.612414 | M32: =MAX(N32:R32) -> 7656436.2 | N32: 347902.46 | P32: 6291340.3 | R32: 7656436.2 | T32: =SUM(U32:AA32) -> 4688908.7 | U32: 0 | V32: 347902.46 | W32: 1026357.6 | Y32: =SUMIF('07.26'!$J$4:$J$1000,$F32,'07.26'!$M$4:$M$1000) -> 2370928.2 | Z32: =SUMIF('08.26'!$J$4:$J$1000,$F32,'08.26'!$M$4:$M$1000) -> 0 | AA32: =SUMIF('09.26'!$J$4:$J$1429,$F32,'09.26'!$M$4:$M$1429) -> 943720.46 | AP32: смена адреса/ на подписании
A33: Н | B33: 3.7 | C33: ЖК Комфорт | E33: В процессе закрытия | F33: 022769562 от 12.12.2025 | G33: объекты капитального строительства, расположенные на земельном (-ых) участке (-ах) с кадастровым (-и) номером (-ами): 77:07:0012008:4421, по адресу: г. Москва, Очаковское ш., вл. 3, 3а, 5 | H33: г. Москва, Очаковское ш., вл. 3, 3А, 5, Площадка (Среда) | I33: Мобилизация | J33: 46002 | K33: 46173 | L33: =T33/M33 -> 0 | M33: =MAX(N33:R33) -> 24983595 | N33: 24983595 | T33: =SUM(U33:AA33) -> 0 | U33: 0 | Y33: =SUMIF('07.26'!$J$4:$J$1000,$F33,'07.26'!$M$4:$M$1000) -> 0 | Z33: =SUMIF('08.26'!$J$4:$J$1000,$F33,'08.26'!$M$4:$M$1000) -> 0 | AA33: =SUMIF('09.26'!$J$4:$J$1429,$F33,'09.26'!$M$4:$M$1429) -> 0 | AP33: Не начали работы , будет еще экспл.
A34: Н | B34: 3.8 | C34: Бытовой городок (без дорог) | E34: Активный | F34: 024196291 от 07.09.2026 | G34: объект капитального строительства: объекты капитального строительства, расположенные на земельном (-ых) участке (-ах) с кадастровым (-и) номером (-ами): 77:07:0012008:4421, по адресу: г. Москва, Очаковское ш., вл. 3, 3А, 5, Очередь (Стандарт) | H34: г. Москва, Очаковское ш., вл. 3, 3А, 5, Очередь (Стандарт) | I34: Эксплуатация | J34: 46235 | K34: 46387 | L34: =T34/M34 -> 0.4 | M34: =MAX(N34:R34) -> 1392344.9 | R34: 1392344.9 | T34: =SUM(U34:AA34) -> 556937.98 | U34: 0 | Y34: =SUMIF('07.26'!$J$4:$J$1000,$F34,'07.26'!$M$4:$M$1000) -> 0 | Z34: =SUMIF('08.26'!$J$4:$J$1000,$F34,'08.26'!$M$4:$M$1000) -> 0 | AA34: =SUMIF('09.26'!$J$4:$J$1429,$F34,'09.26'!$M$4:$M$1429) -> 556937.98
A35: Н | B35: 4 | C35: Моментс | D35: ООО "ПИК-УК" | L35: =T35/M35 -> 0.96556171 | M35: =SUM(M36) -> 50777794 | N35: =SUM(N36) -> 47432904 | O35: =SUM(O36) -> 0 | P35: =SUM(P36) -> 0 | Q35: =SUM(Q36) -> 50777794 | R35: =SUM(R36) -> 0 | S35: =SUM(S36) -> 0 | T35: =SUM(U35:AA35) -> 49029094 | U35: =SUM(U36) -> 45684204 | V35: =SUM(V36) -> 0 | W35: =SUM(W36) -> 0 | X35: =SUM(X36) -> 0 | Y35: =SUM(Y36) -> 3344890 | Z35: =SUM(Z36) -> 0 | AA35: =SUM(AA36) -> 0 | AB35: =SUM(AB36) -> 0 | AD35: Алиев Абдулагат Алиевич/ Чалишев Фируз Талбакович
A36: Н | B36: 4.1 | C36: Площадка | E36: Подать на закрытие | F36: СК/ВЛ-СДП от 01.03.2023 | G36: объекты капитального строительства, расположенные на земельном (-ых) участке (-ах) с кадастровым (-и) номером (-ами): 77:08:0009002:1000, по адресу: г. Москва, Волоколамское ш., вл. 28, площадка. | H36: г. Москва, Волоколамское ш., вл. 28, площадка | I36: Эксплуатация | J36: 44986 | K36: 46173 | L36: =T36/M36 -> 0.96556171 | M36: =MAX(N36:R36) -> 50777794 | N36: 47432904 | Q36: 50777794 | T36: =SUM(U36:AA36) -> 49029094 | U36: 45684204 | Y36: =SUMIF('07.26'!$J$4:$J$1000,$F36,'07.26'!$M$4:$M$1000) -> 3344890 | Z36: =SUMIF('08.26'!$J$4:$J$1000,$F36,'08.26'!$M$4:$M$1000) -> 0 | AA36: =SUMIF('09.26'!$J$4:$J$1429,$F36,'09.26'!$M$4:$M$1429) -> 0 | AP36: Только эксплуатация
A37: Н | B37: 5 | C37: Саларьево парк | D37: ООО "ПИК-МЕНЕДЖМЕНТ" | L37: =T37/M37 -> 0.74289462 | M37: =SUM(M38:M53) -> 271974971 | N37: =SUM(N38:N53) -> 2.2894123e+08 | O37: =SUM(O38:O53) -> 55222907 | P37: =SUM(P38:P53) -> 17453540 | Q37: =SUM(Q38:Q53) -> 0 | R37: =SUM(R38:R53) -> 1.0332768e+08 | S37: =SUM(S38:S53) -> 0 | T37: =SUM(T38:T53) -> 2.0204874e+08 | ... AB37: =SUM(AB38:AB53) -> 0 | AD37: Петропавловских Александр Павлович/-
A38: Н | B38: 5.1 | C38: 83 корпус | E38: Активный | F38: 020545364 от 26.11.2024 | G38: объект капитального строительства: «Многоэтажный жилой дом, корпус 83 с подземной стоянкой автомобилей, с инженерными сетями, в составе Жилой застройки с объектами социальной инфраструктуры» по адресу: Москва, НАО, вн.тер.г. поселение, г. Москва, Московский, улица Саларьевская, земельный участок 17 | H38: д. Саларьево, 14- очередь, корпус 83 | I38: Мобилизация | J38: 45573 | K38: 46326 | L38: =T38/M38 -> 0.98687516 | M38: =MAX(N38:R38) -> 27115820 | N38: 25161404 | O38: 25582776 | R38: 27115820 | T38: =SUM(U38:AA38) -> 26759929 | U38: 23058124 | W38: 1751918.6 | Y38: =SUMIF('07.26'!$J$4:$J$1000,$F38,'07.26'!$M$4:$M$1000) -> 430432 | Z38: =SUMIF('08.26'!$J$4:$J$1000,$F38,'08.26'!$M$4:$M$1000) -> 1519453.9 | AA38: =SUMIF('09.26'!$J$4:$J$1429,$F38,'09.26'!$M$4:$M$1429) -> 0
A39: Н | E39: Активный | F39: 021299329 от 24.03.2025 | G39: объект капитального строительства: «Многоэтажный жилой дом, корпус 83 с подземной стоянкой автомобилей, с инженерными сетями, в составе Жилой застройки с объектами социальной инфраструктуры» по адресу: Москва, НАО, вн.тер.г. поселение, г. Москва, Московский, улица Саларьевская, земельный участок 17 | H39: д. Саларьево, 14 очередь, корп. 83 | I39: Эксплуатация | J39: 46023 | K39: 46387 | L39: =T39/M39 -> 0.86480855 | M39: =MAX(N39:R39) -> 30729117 | N39: 30729117 | T39: =SUM(U39:AA39) -> 26574803 | U39: 18430204 | V39: 1357433.2 | W39: 1357433.2 | X39: 1357433.2 | Y39: =SUMIF('07.26'!$J$4:$J$1000,$F39,'07.26'!$M$4:$M$1000) -> 1357433.2 | Z39: =SUMIF('08.26'!$J$4:$J$1000,$F39,'08.26'!$M$4:$M$1000) -> 1357433.2 | AA39: =SUMIF('09.26'!$J$4:$J$1429,$F39,'09.26'!$M$4:$M$1429) -> 1357433.2
A40: Н | B40: 5.2 | C40: 74 корпус | E40: Активный | F40: 022039867 от 11.08.2025 | G40: объекты капитального строительства, расположенные на земельном (-ых) участке (-ах) с кадастровым (-и) номером (-ами): 77:17:0110205:17424, 77:17:0110205:17418, 77:17:0110205:17420, по адресу: г. Москва, п. Московский, д. Саларьево | H40: д. Саларьево, 13 очередь | I40: Мобилизация | J40: 45819 | K40: 46326 | L40: =T40/M40 -> 0.50003551 | M40: =MAX(N40:R40) -> 14665025 | N40: 14060669 | R40: 14665025 | T40: =SUM(U40:AA40) -> 7333033.4 | U40: 2491884.8 | V40: 923026.17 | W40: 2729875.9 | X40: 417568.11 | Y40: =SUMIF('07.26'!$J$4:$J$1000,$F40,'07.26'!$M$4:$M$1000) -> 136719.09 | Z40: =SUMIF('08.26'!$J$4:$J$1000,$F40,'08.26'!$M$4:$M$1000) -> 589137.52 | AA40: =SUMIF('09.26'!$J$4:$J$1429,$F40,'09.26'!$M$4:$M$1429) -> 44821.8 | AP40: вышел ДС
A41: Н | E41: Активный | F41: 022086879 от 19.08.2025 | G41: объект капитального строительства: «Многоэтажный жилой дом, корпус 74 с подземной стоянкой автомобилей, с инженерными сетями, в составе Жилой застройки с объектами социальной инфраструктуры» по адресу: Москва, НАО, вн.тер.г. муниципальный округ, г. Москва, Коммунарка, улица Трёхполье, земельный участок 7 | H41: д. Саларьево, 13 очередь, корп. 74 | I41: Эксплуатация | J41: 45809 | K41: 46387 | L41: =T41/M41 -> 0.77687488 | M41: =MAX(N41:R41) -> 29506540 | N41: 29506540 | T41: =SUM(U41:AA41) -> 22922889 | U41: 14000863 | V41: 1487004.4 | W41: 1487004.4 | X41: 1487004.4 | Y41: =SUMIF('07.26'!$J$4:$J$1000,$F41,'07.26'!$M$4:$M$1000) -> 1487004.4 | Z41: =SUMIF('08.26'!$J$4:$J$1000,$F41,'08.26'!$M$4:$M$1000) -> 1487004.4 | AA41: =SUMIF('09.26'!$J$4:$J$1429,$F41,'09.26'!$M$4:$M$1429) -> 1487004.4
A42: Н | B42: 5.3 | C42: 57 корпус | E42: Активный | F42: 021777580 от 20.06.2025 | G42: объект капитального строительства: Корпус 57 (этап 1), входящий в состав имущественного комплекса: ««Многоэтажный жилой дом, корпус 57, с инженерными сетями, в составе Жилой застройки с объектами социальной инфраструктуры» Адрес объекта: г. Москва, п. Сосенское, вблизи д. Николо-Хованское. Этап 1» по адресу: Москва, НАО, поселение, г. Москва, Сосенское, вблизи д. Николо-Хованское | H42: д. Саларьево, 11 очередь, корп. 57 | I42: Мобилизация | J42: 45806 | K42: 46326 | L42: =T42/M42 -> 0.76057219 | M42: =MAX(N42:R42) -> 29918167 | N42: 26074763 | O42: 29640132 | R42: 29918167 | T42: =SUM(U42:AA42) -> 22754926 | U42: 19287430 | V42: 1385087.4 | W42: 1285285 | Y42: =SUMIF('07.26'!$J$4:$J$1000,$F42,'07.26'!$M$4:$M$1000) -> 55685 | Z42: =SUMIF('08.26'!$J$4:$J$1000,$F42,'08.26'!$M$4:$M$1000) -> 0 | AA42: =SUMIF('09.26'!$J$4:$J$1429,$F42,'09.26'!$M$4:$M$1429) -> 741438.2
A43: Н | E43: Активный | F43: 022427735 от 14.11.2025 | G43: объекты капитального строительства, расположенные на земельном (-ых) участке (-ах) с кадастровым (-и) номером (-ами): 77:17:0120114:6123, по адресу: г. Москва, п Сосенское, вблизи д. Николо-Хованское | H43: д. Саларьево, площадка | I43: Эксплуатация | J43: 45839 | K43: 46387 | L43: =T43/M43 -> 0.8262794 | M43: =MAX(N43:R43) -> 31238625 | N43: 31238625 | T43: =SUM(U43:AA43) -> 25811832 | U43: 15297244 | V43: 1752431.4 | W43: 1752431.4 | X43: 1752431.4 | Y43: =SUMIF('07.26'!$J$4:$J$1000,$F43,'07.26'!$M$4:$M$1000) -> 1752431.4 | Z43: =SUMIF('08.26'!$J$4:$J$1000,$F43,'08.26'!$M$4:$M$1000) -> 1752431.4 | AA43: =SUMIF('09.26'!$J$4:$J$1429,$F43,'09.26'!$M$4:$M$1429) -> 1752431.4
A44: Н | B44: 5.4 | C44: 69 корпус | E44: Активный | F44: 022298241 от 29.09.2025 | G44: объект капитального строительства: корп. 69 (этап 1), входящий в состав имущественного комплекса: «Многоэтажный жилой дом, корпус 69 с подземной стоянкой автомобилей, с инженерными сетями, в составе Жилой застройки с объектами социальной инфраструктуры. 1 этап (секции 1, 2, 3, 4, 5, 6, 7)» по адресу: Москва, НАО, вн.тер.г. муниципальный округ, г. Москва, Коммунарка, улица Трёхполье, земельный участок 7 | H44: д. Саларьево, 13 очередь, корп. 69 | I44: Мобилизация | J44: 45908 | K44: 30.06.2026* | L44: =T44/M44 -> 0.76034147 | M44: =MAX(N44:R44) -> 37903822 | N44: 37903822 | T44: =SUM(U44:AA44) -> 28819847 | U44: 20414612 | W44: 2521235.7 | X44: 3853006.6 | Y44: =SUMIF('07.26'!$J$4:$J$1000,$F44,'07.26'!$M$4:$M$1000) -> 478693.62 | Z44: =SUMIF('08.26'!$J$4:$J$1000,$F44,'08.26'!$M$4:$M$1000) -> 1530828 | AA44: =SUMIF('09.26'!$J$4:$J$1429,$F44,'09.26'!$M$4:$M$1429) -> 21471
A45: Н | E45: Активный | F45: 023191344 от 16.03.2026 | G45: объект капитального строительства: корп. 69 (этап 1), входящий в состав имущественного комплекса: «Многоэтажный жилой дом, корпус 69 с подземной стоянкой автомобилей, с инженерными сетями, в составе Жилой застройки с объектами социальной инфраструктуры. 1 этап (секции 1, 2, 3, 4, 5, 6, 7)» по адресу: Москва, НАО, вн.тер.г. муниципальный округ, г. Москва, Коммунарка, улица Трёхполье, земельный участок 7 | H45: д. Саларьево, 13 очередь, корп. 69 (этап 1) с подземным паркингом | I45: Эксплуатация | J45: 46023 | K45: 46387 | L45: =T45/M45 -> 0.69629765 | M45: =MAX(N45:R45) -> 13944072 | N45: 13944072 | T45: =SUM(U45:AA45) -> 9709224.3 | U45: 3095933.4 | V45: 1102215.1 | W45: 1102215.1 | X45: 1102215.1 | Y45: =SUMIF('07.26'!$J$4:$J$1000,$F45,'07.26'!$M$4:$M$1000) -> 1102215.1 | Z45: =SUMIF('08.26'!$J$4:$J$1000,$F45,'08.26'!$M$4:$M$1000) -> 1102215.1 | AA45: =SUMIF('09.26'!$J$4:$J$1429,$F45,'09.26'!$M$4:$M$1429) -> 1102215.1
A46: Н | B46: 5.5 | C46: 73 корпус | E46: Активный | F46: 023224047 от 20.03.2026 | G46: объект капитального строительства: «Многоэтажный жилой дом, корпус 73 с подземной стоянкой автомобилей, с инженерными сетями, в составе Жилой застройки с объектами социальной инфраструктуры» по адресу: Москва, НАО, вн.тер.г. поселение, г. Москва, Московский, ул. Саларьевская | H46: д. Саларьево, 12 очередь, корп. 73 | I46: Мобилизация | J46: 46091 | K46: 46173 | L46: =T46/M46 -> 0.42038273 | M46: =MAX(N46:R46) -> 7871572.2 | N46: 7871572.2 | T46: =SUM(U46:AA46) -> 3309073.1 | U46: 0 | W46: 3309073.1 | Y46: =SUMIF('07.26'!$J$4:$J$1000,$F46,'07.26'!$M$4:$M$1000) -> 0 | Z46: =SUMIF('08.26'!$J$4:$J$1000,$F46,'08.26'!$M$4:$M$1000) -> 0 | AA46: =SUMIF('09.26'!$J$4:$J$1429,$F46,'09.26'!$M$4:$M$1429) -> 0 | AP46: Первая КС апрель
A47: Н | E47: Активный | F47: 023679723 от 09.06.2026 | G47: объект капитального строительства: «Многоэтажный жилой дом, корпус 73 с подземной стоянкой автомобилей, с инженерными сетями, в составе Жилой застройки с объектами социальной инфраструктуры» по адресу: Москва, НАО, вн.тер.г. поселение, г. Москва, Московский, ул. Саларьевская | H47: д. Саларьево, 12 очередь, корп. 73 | I47: Эксплуатация | J47: 46143 | K47: 46387 | L47: =T47/M47 -> 0.48225829 | M47: =MAX(N47:R47) -> 8088171.8 | P47: 8088171.8 | T47: =SUM(U47:AA47) -> 3900587.9 | U47: 0 | X47: 1950294 | Y47: =SUMIF('07.26'!$J$4:$J$1000,$F47,'07.26'!$M$4:$M$1000) -> 975146.98 | Z47: =SUMIF('08.26'!$J$4:$J$1000,$F47,'08.26'!$M$4:$M$1000) -> 975146.98 | AA47: =SUMIF('09.26'!$J$4:$J$1429,$F47,'09.26'!$M$4:$M$1429) -> 0
A48: Н | B48: 5.6 | C48: 20 корпус | E48: Активный | F48: 018088049 от 16.11.2023 | G48: объект капитального строительства,предполагаемый к размещению на земельном (-ых) участке (-ах) с кадастровым (-и) номером (- ами): 77:17:0110205:17418 77:17:0110205:17420, по адресу: г.Москва, п. Московский, д Саларьево ((Корпус 20)) | H48: д. Саларьево, 13 очередь, корп. 20 | I48: Мобилизация | J48: 45243 | K48: 46326 | L48: =T48/M48 -> 0.82689526 | M48: =MAX(N48:R48) -> 13486588 | N48: 12450651 | R48: 13486588 | T48: =SUM(U48:AA48) -> 11151995 | U48: 8807935.5 | W48: 992850 | Y48: =SUMIF('07.26'!$J$4:$J$1000,$F48,'07.26'!$M$4:$M$1000) -> 0 | Z48: =SUMIF('08.26'!$J$4:$J$1000,$F48,'08.26'!$M$4:$M$1000) -> 1351209.9 | AA48: =SUMIF('09.26'!$J$4:$J$1429,$F48,'09.26'!$M$4:$M$1429) -> 0 | AP48: Редкие работы
A49: Н | B49: 5.7 | C49: 11-я очередь | E49: Активный | F49: 021776439 от 20.06.2025 | G49: объекты капитального строительства, расположенные на земельном (-ых) участке (-ах) с кадастровым (-и) номером (-ами): 77:17:0120114:6123, по адресу: г. Москва, п. Московский, д. Саларьево | H49: д. Саларьево, 11-я очередь | I49: Мобилизация | J49: 45806 | K49: 46326 | L49: =T49/M49 -> 0.82684996 | M49: =MAX(N49:R49) -> 2536884 | R49: 2536884 | T49: =SUM(U49:AA49) -> 2097622.5 | U49: =2097622.45-608921.96 -> 1488700.5 | Y49: =SUMIF('07.26'!$J$4:$J$1000,$F49,'07.26'!$M$4:$M$1000) -> 0 | Z49: =SUMIF('08.26'!$J$4:$J$1000,$F49,'08.26'!$M$4:$M$1000) -> 608921.96 | AA49: =SUMIF('09.26'!$J$4:$J$1429,$F49,'09.26'!$M$4:$M$1429) -> 0
A50: Н | B50: 5.8 | C50: 14-я очередь, УДС | E50: Активный | F50: 024205036 от 08.09.2026 | G50: объекты капитального строительства, расположенные на земельном (-ых) участке (-ах) с кадастровым (-и) номером (-ами): 77:17:0110205:17417, по адресу: Российская Федерация, город Москва, вн.тер.г. поселение Московский, улица Саларьевская, земельный участок 17 | H50: д. Саларьево, 14-я очередь | I50: Мобилизация | J50: 46143 | K50: 46387 | L50: =T50/M50 -> 0.21147138 | M50: =MAX(N50:R50) -> 12987785 | R50: 12987785 | T50: =SUM(U50:AA50) -> 2746544.9 | Y50: =SUMIF('07.26'!$J$4:$J$1000,$F50,'07.26'!$M$4:$M$1000) -> 0 | Z50: =SUMIF('08.26'!$J$4:$J$1000,$F50,'08.26'!$M$4:$M$1000) -> 0 | AA50: =SUMIF('09.26'!$J$4:$J$1429,$F50,'09.26'!$M$4:$M$1429) -> 2746544.9
A51: Н | B51: 5.9 | C51: 82 корпус | E51: Активный | F51: 023684716 от 10.06.2026 | G51: объект капитального строительства: объект капитального строительства,предполагаемый к размещению на земельном (-ых) участке (-ах) с кадастровым (-и) номером (- ами): 77:17:0110205:17417, по адресу: город Москва, вн.тер.г. поселение Московский, улица Саларьевская, земельный участок 17 (корп. 82) | H51: д. Саларьево, 14 очередь, корп. 82 | I51: Эксплуатация | J51: 46143 | K51: 46387 | L51: =T51/M51 -> 0.59582825 | M51: =MAX(N51:R51) -> 9365368.2 | P51: 9365368.2 | T51: =SUM(U51:AA51) -> 5580151 | X51: 2232060.4 | Y51: =SUMIF('07.26'!$J$4:$J$1000,$F51,'07.26'!$M$4:$M$1000) -> 1116030.2 | Z51: =SUMIF('08.26'!$J$4:$J$1000,$F51,'08.26'!$M$4:$M$1000) -> 1116030.2 | AA51: =SUMIF('09.26'!$J$4:$J$1429,$F51,'09.26'!$M$4:$M$1429) -> 1116030.2
A52: Н | B52: 5.10 | C52: 78.2 корпус | E52: Активный
A53: Н | B53: 5.11 | C53: Площадка | E53: Активный | F53: 022298209 от 30.09.2025 | G53: объекты капитального строительства, расположенные на земельном (-ых) участке (-ах) с кадастровым (-и) номером (-ами): 77:17:0110205, по адресу: г. Москва, п. Московский, д. Саларьево | H53: д. Саларьево, площадка | I53: Мобилизация | J53: 45841 | K53: 46326 | L53: =T53/M53 -> 0.98428602 | M53: =MAX(N53:R53) -> 2617414.5 | R53: 2617414.5 | T53: =SUM(U53:AA53) -> 2576284.5 | U53: 2065082.1 | Y53: =SUMIF('07.26'!$J$4:$J$1000,$F53,'07.26'!$M$4:$M$1000) -> 0 | Z53: =SUMIF('08.26'!$J$4:$J$1000,$F53,'08.26'!$M$4:$M$1000) -> 511202.45 | AA53: =SUMIF('09.26'!$J$4:$J$1429,$F53,'09.26'!$M$4:$M$1429) -> 0
A54: Н | B54: 6 | C54: Часовая | D54: ООО "ПИК-УК" | L54: =T54/M54 -> 0.77255218 | M54: =SUM(M55:M56) -> 78252367 | N54: =SUM(N55:N56) -> 73781116 | O54: =SUM(O55:O56) -> 0 | P54: =SUM(P55:P56) -> 13543693 | Q54: =SUM(Q55:Q56) -> 0 | R54: =SUM(R55:R56) -> 0 | S54: =SUM(S55:S56) -> 0 | T54: =SUM(U54:AA54) -> 60454036 | U54: =SUM(U55:U56) -> 34871403 | V54: =SUM(V55:V56) -> 6264956.2 | W54: =SUM(W55:W56) -> 2178113.7 | X54: =SUM(X55:X56) -> 5090546 | Y54: =SUM(Y55:Y56) -> 6426003.2 | Z54: =SUM(Z55:Z56) -> 3444900.6 | AA54: =SUM(AA55:AA56) -> 2178113.7 | AB54: =SUM(AB55:AB56) -> 0 | AD54: Алиев Абдулагат Алиевич/ Чалишев Фируз Талбакович
A55: Н | B55: 6.1 | C55: Площадка | E55: Активный | F55: ЧСВ-СКАЛА-МОБ от 20.06.2025 | G55: объекты капитального строительства, расположенные на земельном (-ых) участке (-ах) с кадастровым (-и) номером (-ами): 77:09:0000000:189135,, по адресу: г. Москва, ул. Часовая, вл. 28 | H55: г. Москва, ул. Часовая, вл. 28, площадка | I55: Мобилизация | J55: 45769 | K55: 19 082 460,90 | L55: =T55/M55 -> 0.86174338 | M55: 13543693 | N55: 9072442.1 | P55: 13543693 | R55: 19 082 460,90 | T55: =SUM(U55:AA55) -> 11671188 | U55: 2069668.7 | V55: 4086842.5 | Y55: =SUMIF('07.26'!$J$4:$J$1000,$F55,'07.26'!$M$4:$M$1000) -> 4247889.5 | Z55: =SUMIF('08.26'!$J$4:$J$1000,$F55,'08.26'!$M$4:$M$1000) -> 1266786.9 | AA55: =SUMIF('09.26'!$J$4:$J$1429,$F55,'09.26'!$M$4:$M$1429) -> 0 | AP55: ждем ДС/подписание/ сумма договора с уч ДС
A56: Н | E56: Активный | F56: ЧСВ-СКАЛА-ЭКСПЛ от 10.03.2025 | G56: объекты капитального строительства, расположенные на земельном (-ых) участке (-ах) с кадастровым (-и) номером (-ами): 77:09:0000000:189135, по адресу: г. Москва, ул. Часовая, вл. 28 | H56: г. Москва, ул. Часовая, вл. 28, площадка | I56: Эксплуатация | J56: 45658 | K56: 46387 | L56: =T56/M56 -> 0.75388423 | M56: 64708674 | N56: 64708674 | T56: =SUM(U56:AA56) -> 48782849 | U56: 32801734 | V56: 2178113.7 | W56: 2178113.7 | X56: 5090546 | Y56: =SUMIF('07.26'!$J$4:$J$1000,$F56,'07.26'!$M$4:$M$1000) -> 2178113.7 | Z56: =SUMIF('08.26'!$J$4:$J$1000,$F56,'08.26'!$M$4:$M$1000) -> 2178113.7 | AA56: =SUMIF('09.26'!$J$4:$J$1429,$F56,'09.26'!$M$4:$M$1429) -> 2178113.7
A57: Д | B57: 7 | C57: Люблинский парк | D57: ООО "ГЛОБАЛСТРОЙТЕХ" | L57: =T57/M57 -> 0.74739745 | M57: =SUM(M58:M81) -> 4.1854059e+08 | N57: =SUM(N58:N81) -> 3.6864405e+08 | O57: =SUM(O58:O81) -> 2.2218436e+08 | P57: =SUM(P58:P81) -> 0 | Q57: =SUM(Q58:Q81) -> 0 | R57: =SUM(R58:R81) -> 0 | S57: =SUM(S58:S81) -> 0 | T57: =SUM(T58:T81) -> 3.1281617e+08 | ... AB57: =SUM(AB58:AB81) -> 0 | AD57: Бочаев Руслан Хасанович/ Тверитин Александр Викторович
A58: Д | B58: 7.1 | C58: г. Москва, ул. Люблинская, 2-я очередь, этап 2, корп. 14.1, 14.2, 14.5, 14.6 с подземным паркингом | E58: Активный | F58: ЛП2-2Э-22.10-СКАЛА от 22.10.2025 | G58: Объект капитального строительства: «Многоэтажные жилые дома корпуса 14.1, 14.2, 14.5, 14.6 с подземной автостоянкой в составе комплексной общественно-жилой застройки» по адресу: Москва, ЮВАО, Люблино, ул.Иловайская, земельный участок 2Б/3; ул. Нижние Поля, влд. 20, к.1; к. 1, стр. 2, 3, 5; ул.Нижние Поля | H58: г. Москва, ул. Люблинская, 2-я очередь, этап 2, корп. 14.1, 14.2, 14.5, 14.6 с подземным паркингом | I58: Эксплуатация | J58: 46296 | K58: 46387 | L58: =T58/$M$58 -> 0.73774218 | M58: =MAX(N58:R58) -> 20557639 | N58: 12603436 | O58: 20557639 | T58: =SUM(U58:AA58) -> 15166238 | U58: 9345125.2 | X58: 1413481.4 | Y58: =SUMIF('07.26'!$J$4:$J$1000,$F58,'07.26'!$M$4:$M$1000) -> 3418298.4 | Z58: 989332.7 | AA58: =SUMIF('09.26'!$J$4:$J$1429,$F58,'09.26'!$M$4:$M$1429) -> 0 | AP58: Подаёмся ежемесячно
B59: 7.2 | E59: Активный | F59: ЛП2-2Э-31.10-СКАЛА от 31.10.2025 | I59: Мобилизация | J59: 45959 | K59: 46173 | L59: =T59/M59 -> 0.80520836 | M59: =MAX(N59:R59) -> 2383780.6 | N59: 1743379 | O59: 2383780.6 | T59: =SUM(U59:AA59) -> 1919440.1 | U59: 1643838.5 | X59: 275601.56
A60: Д | B60: 7.3 | C60: г. Москва, ул. Люблинская, вл. 72, паркинг лит. 37 на 498 м/м | E60: Подать на закрытие | F60: Д886616/24 от 16.10.2024 | G60: Объект капитального строительства: «Наземная многоуровневая неотапливаемая стоянка автомобилей корпус 37 (Этап 28) в составе комплексной общественно-жилой застройки» по адресу: Российская Федерация, г. Москва, вн.тер. г. Муниципальный округ Люблино, ул.Люблинская, з/у 72 | H60: г. Москва, ул. Люблинская, вл. 72, паркинг лит. 37 на 498 м/м | I60: Эксплуатация | J60: 45536 | K60: 31.12.2026* | L60: =T60/M60 -> 0.97864467 | M60: =MAX(N60:R60) -> 14048013 | N60: 14048013 | T60: =SUM(U60:AA60) -> 13748013 | U60: 13748013 | AP60: Временно не работаем
A61: Д | B61: 7.4 | E61: Активный | F61: Д539835/24 от 22.01.2024 | G61: Объект капитального строительства: «Наземная многоуровневая неотапливаемая стоянка автомобилей корпус 37 (Этап 28) в составе комплексной общественно-жилой застройки» по адресу: Российская Федерация, г. Москва, вн.тер. г. Муниципальный округ Люблино, ул.Люблинская, з/у 72 | I61: Мобилизация | J61: 45300 | K61: 31.12.2026* | L61: =T61/M61 -> 0.73803803 | M61: =MAX(N61:R61) -> 6853135.3 | N61: 6853135.3 | T61: =SUM(U61:AA61) -> 5057874.5 | U61: 3887224.3 | V61: 100240.2 | W61: 1070410 | AP61: Подаёмся периодически
A62: Д | B62: 7.5 | C62: г. Москва, ул. Люблинская, 2-я очередь, корп. 16, ДОО на 225 мест | E62: Активный | F62: Д853011/24 от 23.09.2024 | G62: Объект капитального строительства: «Дошкольная образовательная организация на 225 мест. Корп. 16» по адресу: Москва, ЮВАО, г. Москва, Люблино, Иловайская | H62: г. Москва, ул. Люблинская, 2-я очередь, корп. 16, ДОО на 225 мест | I62: Эксплуатация | J62: 45536 | K62: 46387 | L62: =T62/M62 -> 0.69729516 | M62: =MAX(N62:R62) -> 22162189 | N62: 13022590 | O62: 22162189 | T62: =SUM(U62:AA62) -> 15453587 | U62: 8856105.4 | V62: 754331.5 | W62: 2434957 | X62: 605035.5 | Y62: =SUMIF('07.26'!$J$4:$J$1000,$F62,'07.26'!$M$4:$M$1000) -> 1145892.5 | Z62: =SUMIF('08.26'!$J$4:$J$1000,$F62,'08.26'!$M$4:$M$1000) -> 828632.49 | AA62: =SUMIF('09.26'!$J$4:$J$1429,$F62,'09.26'!$M$4:$M$1429) -> 828632.49 | AP62: Подаёмся ежемесячно
A63: Д | B63: 7.6 | E63: Активный | F63: Д020351113 от 29.10.2024 | G63: Объект капитального строительства: «Дошкольная образовательная организация на 225 мест. Корп. 16» по адресу: Москва, ЮВАО, г. Москва, Люблино, Иловайская | I63: Электрика | J63: 45574 | K63: 46053 | L63: =T63/M63 -> 0.60703672 | M63: =MAX(N63:R63) -> 4485226.2 | N63: 4485226.2 | T63: =SUM(U63:AA63) -> 2722697 | U63: 2722697 | AP63: Подаёмся периодически
A64: Д | B64: 7.7 | E64: Активный | F64: Д861746/24 от 30.09.2024 | G64: Объект капитального строительства: «Дошкольная образовательная организация на 225 мест. Корп. 16» по адресу: Москва, ЮВАО, г. Москва, Люблино, Иловайская | I64: Мобилизация | J64: 45551 | K64: 31.12.2026* | L64: =T64/M64 -> 0.27894374 | M64: =MAX(N64:R64) -> 10853075 | N64: 10853075 | T64: =SUM(U64:AA64) -> 3027397.2 | U64: 2974901.2 | V64: 52496 | AP64: Подаёмся часто
A65: Д | B65: 7.8 | C65: г. Москва, ул. Люблинская, вл. 72, корп. 32, ДОУ 4 на 350 мест | E65: Активный | F65: Д798942/24 от 05.08.2024 | G65: Объект капитального строительства: «Комплексная общественно-жилая застройка. Корпус 32. Дошкольная образовательная организация на 350 мест» по адресу: Москва, ЮВАО, вн.тер.г. муниципальный округ Люблино, ул. Люблинская, з/у 72 | H65: г. Москва, ул. Люблинская, вл. 72, корп. 32, ДОУ 4 на 350 мест | I65: Эксплуатация | J65: 45869 | K65: 46356 | L65: =T65/M65 -> 0.91728949 | M65: =MAX(N65:R65) -> 21783839 | N65: 20540112 | O65: 21783839 | T65: =SUM(U65:AA65) -> 19982087 | U65: 16712127 | V65: 817490 | W65: 817490 | X65: 817490 | Y65: =SUMIF('07.26'!$J$4:$J$1000,$F65,'07.26'!$M$4:$M$1000) -> 817490 | AP65: Подаёмся ежемесячно
A66: Д | B66: 7.9 | E66: Активный | F66: Д403755/23 от 02.02.2024 | G66: «Комплексная общественно-жилая застройка. Корпус 32. Дошкольная образовательная организация на 350 мест» | I66: Мобилизация | J66: 45306 | K66: 31.12.2026* | L66: =T66/M66 -> 0.91108597 | M66: =MAX(N66:R66) -> 10627392 | N66: 10627392 | T66: =SUM(U66:AA66) -> 9682467.6 | U66: 9682467.6 | AP66: Подаёмся периодически
A67: Д | B67: 7.10 | E67: Активный | F67: Д567957/24 от 05.02.2024 | I67: Электрика | J67: 45306 | K67: 45657 | L67: =T67/M67 -> 0.59986377 | M67: =MAX(N67:R67) -> 3813902.3 | N67: 2953416 | O67: 3813902.3 | T67: =SUM(U67:AA67) -> 2287821.8 | U67: 2239386.8 | X67: 48435
A68: Д | B68: 7.11 | C68: г. Москва, ул. Люблинская, вл. 72, поликлиника на 560 пос/см | E68: Активный | F68: Д798825/24 от 03.08.2024 | G68: Объект капитального строительства: «Комплексная общественно-жилая застройка. Корпус 33. Детско- взрослая поликлиника на 560 посещений» по адресу: Москва, ЮВАО, г. Москва, Люблино, ул. Люблинская | H68: г. Москва, ул. Люблинская, вл. 72, поликлиника на 560 пос/см | I68: Эксплуатация | J68: 45536 | K68: 46356 | L68: =T68/M68 -> 0.75349169 | M68: =MAX(N68:R68) -> 22195274 | N68: 21514838 | O68: 22195274 | T68: =SUM(U68:AA68) -> 16723954 | U68: 11514753 | V68: 868200.19 | W68: 868200.19 | X68: 868200.19 | Y68: =SUMIF('07.26'!$J$4:$J$1000,$F68,'07.26'!$M$4:$M$1000) -> 868200.19 | Z68: =SUMIF('08.26'!$J$4:$J$1000,$F68,'08.26'!$M$4:$M$1000) -> 868200.19 | AA68: =SUMIF('09.26'!$J$4:$J$1429,$F68,'09.26'!$M$4:$M$1429) -> 868200.19 | AP68: Подаёмся ежемесячно
A69: Д | B69: 7.12 | E69: Активный | F69: Д812725/24 от 19.08.2024 | G69: «Комплексная общественно-жилая застройка. Корпус 33. Детско- взрослая поликлиника на 560 посещений» по адресу: Москва, ЮВАО, г. Москва, Люблино, ул. Люблинская | I69: Мобилизация | J69: 45688 | K69: 31.12.2026* | L69: =T69/M69 -> 0.65788625 | M69: =MAX(N69:R69) -> 13541270 | N69: 12580686 | O69: 13541270 | T69: =SUM(U69:AA69) -> 8908615.5 | U69: 8771007.7 | Y69: =SUMIF('07.26'!$J$4:$J$1000,$F69,'07.26'!$M$4:$M$1000) -> 137607.88 | AP69: Подаёмся периодически
A70: Д | B70: 7.13 | E70: Активный | F70: Д791796/24 от 29.07.2024 | G70: «Комплексная общественно-жилая застройка. Корпус 33. Детско-взрослая поликлиника на 560 посещений » | I70: Электрика | J70: 45502 | K70: 31.12.2026* | L70: =T70/M70 -> 0.33259388 | M70: =MAX(N70:R70) -> 5521366.2 | N70: 5521366.2 | T70: =SUM(U70:AA70) -> 1836372.6 | U70: 1836372.6 | AP70: Подаёмся периодически
A71: Д | B71: 7.14 | C71: г. Москва, ул. Люблинская, вл. 72, корп. 34, Школа на 2200 мест | E71: Активный | F71: Д570794/24 от 24.01.2024 | G71: «Комплексная общественно-жилая застройка. Корпус 34. Общеобразовательная организация на 2200 мест» | H71: г. Москва, ул. Люблинская, вл. 72, корп. 34, Школа на 2200 мест | I71: Эксплуатация | J71: 44958 | K71: 46446 | L71: =T71/M71 -> 0.8165796 | M71: =MAX(N71:R71) -> 44472211 | N71: 37767747 | O71: 44472211 | T71: =SUM(U71:AA71) -> 36315100 | U71: 28897666 | V71: 1236238.9 | W71: 1236238.9 | X71: 1236238.9 | Y71: =SUMIF('07.26'!$J$4:$J$1000,$F71,'07.26'!$M$4:$M$1000) -> 1236238.9 | Z71: =SUMIF('08.26'!$J$4:$J$1000,$F71,'08.26'!$M$4:$M$1000) -> 1236238.9 | AA71: =SUMIF('09.26'!$J$4:$J$1429,$F71,'09.26'!$M$4:$M$1429) -> 1236238.9 | AP71: Подаёмся ежемесячно
A72: Д | B72: 7.15 | E72: Активный | F72: Д413965/23 от 20.10.2023 | G72: «Комплексная общественно-жилая застройка. Корп. 34. Общеобразовательная организация на 2200 мест» на земельном(-ых) участке(-ах) с кадастровым(-ыми) номером(-ами) 77:04:0003010:15 по адресу: г. Москва, ул. Люблинская, вл. 72 | I72: Мобилизация | J72: 45231 | K72: 31.12.2026* | L72: =T72/M72 -> 0.94855903 | M72: =MAX(N72:R72) -> 28862096 | N72: 28862096 | T72: =SUM(U72:AA72) -> 27377401 | U72: 24403562 | V72: 895438 | W72: 251337.32 | X72: 903677.5 | Y72: =SUMIF('07.26'!$J$4:$J$1000,$F72,'07.26'!$M$4:$M$1000) -> 135112 | Z72: =SUMIF('08.26'!$J$4:$J$1000,$F72,'08.26'!$M$4:$M$1000) -> 788275 | AP72: Подаёмся ежемесячно
A73: Д | B73: 7.16 | C73: г. Москва, ул. Люблинская, вл. 72, Блок 12 | E73: Активный | F73: Д572864/24 от 08.02.2024 | G73: Объект капитального строительства: «Многоэтажный жилой дом корпус 12 (Этап 18) в составе комплексной общественно-жилой застройки» по адресу: г. Москва, ул. Люблинская, вл. 72 | H73: г. Москва, ул. Люблинская, вл. 72, Блок 12 | I73: Эксплуатация | J73: 45323 | K73: 46265 | L73: =T73/M73 -> 0.91490087 | M73: =MAX(N73:R73) -> 35990583 | N73: 34140578 | O73: 35990583 | T73: =SUM(U73:AA73) -> 32927815 | U73: 27366991 | V73: 1278964.9 | W73: 1070464.9 | X73: 1070464.9 | Y73: =SUMIF('07.26'!$J$4:$J$1000,$F73,'07.26'!$M$4:$M$1000) -> 1070464.9 | Z73: =SUMIF('08.26'!$J$4:$J$1000,$F73,'08.26'!$M$4:$M$1000) -> 1070464.9 | AP73: ДС на согласовании. Подаёмся ежемесячно.
A74: Д | B74: 7.17 | E74: Активный | F74: Д263913/23 от 29.06.2023 | G74: Объект капитального строительства: «Многоэтажный жилой дом корпус 12 (Этап 18) в составе комплексной общественно-жилой застройки» по адресу: г. Москва, ул. Люблинская, вл. 72 | I74: Мобилизация | J74: 45097 | K74: 31.12.2026* | L74: =T74/M74 -> 0.8318354 | M74: =MAX(N74:R74) -> 63043878 | N74: 63043878 | T74: =SUM(U74:AA74) -> 52442129 | U74: 52416467 | X74: 11281.95 | Y74: =SUMIF('07.26'!$J$4:$J$1000,$F74,'07.26'!$M$4:$M$1000) -> 0 | Z74: =SUMIF('08.26'!$J$4:$J$1000,$F74,'08.26'!$M$4:$M$1000) -> 0 | AA74: 14380 | AP74: Подаёмся периодически
A75: Д | B75: 7.18 | E75: Активный | F75: Д1543313/26 от 06.05.2026 | I75: Эксплуатация | J75: 46136 | K75: 46326 | L75: =T75/M75 -> 1 | M75: =MAX(N75:R75) -> 2999787 | N75: 2999787 | T75: =SUM(U75:AA75) -> 2999787 | Z75: 2999787
A76: Д | B76: 7.19 | C76: г. Москва, ул. Люблинская, вл. 72, корп. 17 | E76: Активный | F76: Д1329441/25 от 08.10.2025 | G76: Объект капитального строительства: «Многоэтажный жилой дом корпус 17 (Этап 24) в составе комплексной общественно-жилой застройки» по адресу: г. Москва, ул. Люблинская, вл. 72 | H76: г. Москва, ул. Люблинская, вл. 72, корп. 17 | I76: Мобилизация | J76: 45931 | K76: 31.12.2026* | L76: =T76/M76 -> 0.58536706 | M76: =MAX(N76:R76) -> 12333494 | N76: 12333494 | T76: =SUM(U76:AA76) -> 7219621 | U76: 6257688 | Y76: =SUMIF('07.26'!$J$4:$J$1000,$F76,'07.26'!$M$4:$M$1000) -> 961933 | AP76: Подаёмся ежемесячно
A77: Д | B77: 7.20 | E77: Активный | F77: ЛП72-17-2205-СКАЛА от 22.05.2026 | I77: Эксплуатация | J77: 45931 | K77: 46418 | L77: =T77/M77 -> 0.7294421 | M77: =MAX(N77:R77) -> 9960176.6 | N77: 3855186 | O77: 9960176.6 | T77: =SUM(U77:AA77) -> 7265372.2 | Y77: =SUMIF('07.26'!$J$4:$J$1000,$F77,'07.26'!$M$4:$M$1000) -> 3855186 | AA77: =SUMIF('09.26'!$J$4:$J$1429,$F77,'09.26'!$M$4:$M$1429) -> 3410186.1
A78: Д | B78: 7.21 | C78: г. Москва, ул. Люблинская, вл. 72, корп. 19 с БКФН | E78: Активный | F78: Д1330628/25 от 09.10.2025 | G78: Объект капитального строительства: «Многоэтажный жилой дом корпус 19 (Этап 23) в составе комплексной общественно-жилой застройки» по адресу: г. Москва, ул. Люблинская, вл. 72 | H78: г. Москва, ул. Люблинская, вл. 72, корп. 19 с БКФН | I78: Мобилизация | J78: 45931 | K78: 31.12.2026* | L78: =T78/M78 -> 0.30687957 | M78: =MAX(N78:R78) -> 12738271 | N78: 12738271 | T78: =SUM(U78:AA78) -> 3909115.1 | U78: 264864.1 | V78: 2005202 | W78: 1639049 | AP78: Будем подаваться в ближайшие месяцы
A79: Д | B79: 7.22 | E79: Активный | F79: ЛП72-19-2005-СКАЛА от 20.05.2026 | I79: Эксплуатация | J79: 45931 | K79: 46418 | L79: =T79/M79 -> 0.38416712 | M79: =MAX(N79:R79) -> 10035180 | N79: 3855186 | O79: 10035180 | T79: =SUM(U79:AA79) -> 3855186 | Y79: =SUMIF('07.26'!$J$4:$J$1000,$F79,'07.26'!$M$4:$M$1000) -> 3855186
A80: Д | B80: 7.23 | C80: г. Москва, ул. Люблинская, вл. 72, корп. 18, 20 с БКФН | E80: Активный | F80: Д1330623/25 от 09.10.2025 | G80: Объект капитального строительства: «Многоэтажный жилой дом корпус 18,20 (Этап 22) в составе комплексной общественно-жилой застройки» по адресу: Москва, ЮВАО, Люблино, Люблинская ул. вл. 72 | H80: г. Москва, ул. Люблинская, вл. 72, корп. 18, 20 с БКФН | I80: Мобилизация | J80: 45930 | K80: 30.11.2026* | L80: =T80/M80 -> 0.31083273 | M80: =MAX(N80:R80) -> 23990493 | N80: 23990493 | T80: =SUM(U80:AA80) -> 7457030.4 | X80: 3901288.3 | Y80: =SUMIF('07.26'!$J$4:$J$1000,$F80,'07.26'!$M$4:$M$1000) -> 1527223.7 | Z80: =SUMIF('08.26'!$J$4:$J$1000,$F80,'08.26'!$M$4:$M$1000) -> 0 | AA80: =SUMIF('09.26'!$J$4:$J$1429,$F80,'09.26'!$M$4:$M$1429) -> 2028518.3 | AP80: Будем подаваться в ближайшие месяцы
A81: Д | B81: 7.24 | E81: Активный | F81: Д1560971/26 от 26.05.2026 | I81: Эксплуатация | J81: 45931 | K81: 46418 | L81: =T81/M81 -> 0.9504671 | M81: =MAX(N81:R81) -> 15288319 | N81: 7710672.1 | O81: 15288319 | T81: =SUM(U81:AA81) -> 14531044 | Y81: =SUMIF('07.26'!$J$4:$J$1000,$F81,'07.26'!$M$4:$M$1000) -> 7710672.1 | Z81: =SUMIF('08.26'!$J$4:$J$1000,$F81,'08.26'!$M$4:$M$1000) -> 0 | AA81: =SUMIF('09.26'!$J$4:$J$1429,$F81,'09.26'!$M$4:$M$1429) -> 6820372.3
A82: Д | B82: 8 | C82: Середневский лес | D82: ООО "ПИК-МЕНЕДЖМЕНТ" | L82: =T82/M82 -> 0.91821767 | M82: =SUM(M83:M85) -> 61043935 | N82: =SUM(N83:N85) -> 62699362 | O82: =SUM(O83:O85) -> 0 | P82: =SUM(P83:P85) -> 0 | Q82: =SUM(Q83:Q85) -> 0 | R82: =SUM(R83:R85) -> 0 | S82: =SUM(S83:S85) -> 0 | T82: =SUM(U82:AA82) -> 56051620 | U82: =SUM(U83:U85) -> 53977434 | V82: =SUM(V83:V85) -> 2074185.9 | W82: =SUM(W83:W85) -> 0 | X82: =SUM(X83:X85) -> 0 | Y82: =SUM(Y83:Y85) -> 0 | Z82: =SUM(Z83:Z85) -> 0 | AA82: =SUM(AA83:AA85) -> 0 | AB82: =SUM(AB83:AB85) -> 0 | AD82: Петропавловских Александр Павлович/ Клоков Андрей Альбертович
A83: Д | B83: 8.1 | C83: г. Москва, п. Филимонковское, Середнево, площадка | E83: Закрыт | F83: СРД-ПЛ-СР от 30.05.2024 | G83: Объекты капитального строительства, расположенные на земельном (-ых) участке (-ах) с кадастровым (-и) номером (-ами): 77:17:0110114:561, по адресу: г. Москва, поселение Филимонковское, ОАО "Марьинская птицефабрика" | H83: г. Москва, п. Филимонковское, Середнево, площадка | I83: Мобилизация | J83: 45352 | K83: 46142 | L83: =T83/M83 -> 1 | M83: 16952425 | N83: 15524274 | T83: =SUM(U83:AA83) -> 16952425 | U83: =16952424.91-V83 -> 14878239 | V83: 2074185.9 | Y83: =SUMIF('07.26'!$J$4:$J$1000,$F83,'07.26'!$M$4:$M$1000) -> 0 | Z83: =SUMIF('08.26'!$J$4:$J$1000,$F83,'08.26'!$M$4:$M$1000) -> 0 | AA83: =SUMIF('09.26'!$J$4:$J$1429,$F83,'09.26'!$M$4:$M$1429) -> 0 | AP83: В марте подали последнее выполнение по ДС
A84: Д | B84: 8.2 | C84: г. Москва, п. Филимонковское, Середнево, корп. 4.3 | E84: Закрыт | F84: СЕР-СКАЛ -МОБ-4.3 от 24.01.2024 | G84: Объект капитального строительства,предполагаемый к размещению на земельном (-ых) участке (-ах) с кадастровым (-и) номером (- ами): 77:17:0110114:2415, по адресу: г. Москва, поселение Филимонковское, ОАО Марьинская птицефабрика (корп.4.3) | H84: г. Москва, п. Филимонковское, Середнево, корп. 4.3 | I84: Мобилизация | J84: 45323 | K84: 30.04.2026* | L84: =T84/M84 -> 1 | M84: 18754471 | N84: 21838049 | T84: =SUM(U84:AA84) -> 18754471 | U84: 18754471 | Y84: =SUMIF('07.26'!$J$4:$J$1000,$F84,'07.26'!$M$4:$M$1000) -> 0 | Z84: =SUMIF('08.26'!$J$4:$J$1000,$F84,'08.26'!$M$4:$M$1000) -> 0 | AA84: =SUMIF('09.26'!$J$4:$J$1429,$F84,'09.26'!$M$4:$M$1429) -> 0 | AP84: В апреле подадим последнее выполнение по ДС
A85: Д | B85: 8.3 | C85: г. Москва, п. Филимонковское, Середнево, корп. 4.1 | E85: В процессе закрытия | F85: СРД-4.1-МОБ-Скл от 06.12.2022 | G85: Объект капитального строительства,предполагаемый к размещению на земельном (-ых) участке (-ах) с кадастровым (-и) номером (- ами): 77:17:0110114:562 , по адресу: г. Москва, поселение Филимонковское, ОАО "Марьинская птицефабрика" (4.1) | H85: г. Москва, п. Филимонковское, Середнево, корп. 4.1 | I85: Мобилизация | J85: 44893 | K85: 01.06.2026* | L85: =T85/M85 -> 0.80296374 | M85: =MAX(N85:R85) -> 25337040 | N85: 25337040 | T85: =SUM(U85:AA85) -> 20344724 | U85: 20344724 | Y85: =SUMIF('07.26'!$J$4:$J$1000,$F85,'07.26'!$M$4:$M$1000) -> 0 | Z85: =SUMIF('08.26'!$J$4:$J$1000,$F85,'08.26'!$M$4:$M$1000) -> 0 | AA85: =SUMIF('09.26'!$J$4:$J$1429,$F85,'09.26'!$M$4:$M$1429) -> 0 | AP85: НЗ на последнее выполнение по ИС в работе
A86: Д | B86: 9 | C86: Зелёный парк | D86: ООО "ПИК-УК" | L86: =T86/M86 -> 0.62907468 | M86: =SUM(M87:M88) -> 1.5269688e+08 | N86: =SUM(N87:N88) -> 76453566 | O86: =SUM(O87:O88) -> 1.5269688e+08 | P86: =SUM(P87:P88) -> 0 | Q86: =SUM(Q87:Q88) -> 0 | R86: =SUM(R87:R88) -> 0 | S86: =SUM(S87:S88) -> 0 | T86: =SUM(U86:AA86) -> 96057739 | U86: =SUM(U87:U88) -> 43725624 | V86: =SUM(V87:V88) -> 9284438.1 | W86: =SUM(W87:W88) -> 9277532.5 | X86: =SUM(X87:X88) -> 9142915.9 | Y86: =SUM(Y87:Y88) -> 8280853.9 | Z86: =SUM(Z87:Z88) -> 4612630.7 | AA86: =SUM(AA87:AA88) -> 11733745 | AB86: =SUM(AB87:AB88) -> 0 | AD86: Алиев Абдул Алиевич, /Гапизов Фидель -Кастро
A87: Д | B87: 9.1 | C87: г. Москва, Зеленоград ЦИЭ, площадка | E87: Активный | F87: 021324562 от 08.04.2025 | G87: Объекты капитального строительства, расположенные на земельном (-ых) участке (-ах) с кадастровым (-и) номером (-ами): 77:10:0006007:8, по адресу: г. Москва, Зеленоград ЦИЭ, площадка | H87: г. Москва, Зеленоград ЦИЭ, площадка | I87: Эксплуатация | J87: 45748 | K87: 46387 | L87: =T87/M87 -> 0.80296975 | M87: =MAX(N87:R87) -> 52237762 | N87: 51046999 | O87: 52237762 | T87: =SUM(U87:AA87) -> 41945343 | U87: 28784054 | V87: 2193548.1 | W87: 2193548.1 | X87: 2193548.1 | Y87: =SUMIF('07.26'!$J$4:$J$1000,$F87,'07.26'!$M$4:$M$1000) -> 2193548.1 | Z87: =SUMIF('08.26'!$J$4:$J$1000,$F87,'08.26'!$M$4:$M$1000) -> 2193548.1 | AA87: =SUMIF('09.26'!$J$4:$J$1429,$F87,'09.26'!$M$4:$M$1429) -> 2193548.1 | AP87: Подаёмся ежемесячно
A88: Д | B88: 9.2 | E88: Активный | F88: 021928281 от 21.07.2025 | G88: Объекты капитального строительства, расположенные на земельном (-ых) участке (-ах) с кадастровым (-и) номером (-ами): 77:10:0006007:8, по адресу: г. Москва, Зеленоград ЦИЭ, площадка | I88: Мобилизация | J88: 45777 | K88: 31.12.2026* | L88: =T88/M88 -> 0.53865094 | M88: =MAX(N88:R88) -> 1.0045911e+08 | N88: 25406567 | O88: 1.0045911e+08 | T88: =SUM(U88:AA88) -> 54112396 | U88: 14941569 | V88: 7090890 | W88: 7083984.4 | X88: 6949367.8 | Y88: =SUMIF('07.26'!$J$4:$J$1000,$F88,'07.26'!$M$4:$M$1000) -> 6087305.8 | Z88: =SUMIF('08.26'!$J$4:$J$1000,$F88,'08.26'!$M$4:$M$1000) -> 2419082.6 | AA88: 9540196.6 | AP88: Подаёмся ежемесячно
A89: Д | B89: 10 | C89: Бусиновский парк (Реновация) | D89: ООО "ПИК-УК" | L89: =T89/M89 -> 0.69967449 | M89: =SUM(M90:M94) -> 81498645 | N89: =SUM(N90:N94) -> 69723398 | O89: =SUM(O90:O94) -> 80224645 | P89: =SUM(P90:P94) -> 0 | Q89: =SUM(Q90:Q94) -> 0 | R89: =SUM(R90:R94) -> 0 | S89: =SUM(S90:S94) -> 0 | T89: =SUM(T90:T94) -> 57022522 | ... AB89: =SUM(AB90:AB94) -> 0 | AD89: Алиев Абдулагат Алиевич/ Чалишев Бехруз Муродович
A90: Д | B90: 10.1 | C90: г. Москва, ул. Ижорская, вл. 6, Коровинское ш., вл. 35, корп. 5.1-5.4 с подземным паркингом (мена) | E90: Активный | F90: БП5.1-5.4_3 от 01.12.2025 | G90: Объект капитального строительства,предполагаемый к размещению на земельном (-ых) участке (-ах) с кадастровым (-и) номером (- ами): 77:09:0002016:14, по адресу: г. Москва, ул. Ижорская, вл. 6, Коровинское ш., вл. 35 (корп. 5.1-5.4) | H90: г. Москва, ул. Ижорская, вл. 6, Коровинское ш., вл. 35, корп. 5.1-5.4 с подземным паркингом (мена) | I90: Эксплуатация | J90: 46054 | K90: 46417 | L90: =T90/M90 -> 0.53631493 | M90: =MAX(N90:R90) -> 20354696 | N90: 19696178 | O90: 20354696 | T90: =SUM(U90:AA90) -> 10916527 | U90: 3353208.9 | V90: 1148970.8 | W90: 1148970.8 | X90: 1148970.8 | Y90: =SUMIF('07.26'!$J$4:$J$1000,$F90,'07.26'!$M$4:$M$1000) -> 1818464.3 | Z90: =SUMIF('08.26'!$J$4:$J$1000,$F90,'08.26'!$M$4:$M$1000) -> 1148970.8 | AA90: =SUMIF('09.26'!$J$4:$J$1429,$F90,'09.26'!$M$4:$M$1429) -> 1148970.8 | AP90: Подаёмся ежемесячно
A91: Д | B91: 10.2 | E91: Активный | F91: БП5.1-5.4_2 от 25.11.2025 | G91: Объект капитального строительства,предполагаемый к размещению на земельном (-ых) участке (-ах) с кадастровым (-и) номером (- ами): 77:09:0002016:14, по адресу: г. Москва, ул. Ижорская, вл. 6, Коровинское ш., вл. 35 (корп. 5.1-5.4 ) | I91: Мобилизация | J91: 46054 | K91: 46417 | L91: =T91/M91 -> 0.72300817 | M91: =MAX(N91:R91) -> 21758093 | N91: 16892457 | O91: 21758093 | T91: =SUM(U91:AA91) -> 15731279 | U91: 4744134.8 | V91: 1726077.5 | W91: 4235175.7 | X91: 363891 | Y91: =SUMIF('07.26'!$J$4:$J$1000,$F91,'07.26'!$M$4:$M$1000) -> 1815120.6 | Z91: =SUMIF('08.26'!$J$4:$J$1000,$F91,'08.26'!$M$4:$M$1000) -> 2215418.1 | AA91: =SUMIF('09.26'!$J$4:$J$1429,$F91,'09.26'!$M$4:$M$1429) -> 631461.27 | AP91: Подаёмся ежемесячно
A92: Д | B92: 10.3 | E92: Подать на закрытие | F92: БП5.1-5.4_4 от 21.07.2026 | I92: Мобилизация | J92: 46181 | K92: 46234 | L92: =T92/M92 -> 1 | M92: =MAX(N92:R92) -> 1274000 | N92: 1274000 | T92: =SUM(U92:AA92) -> 1274000 | Z92: 1274000 | AA92: =SUMIF('09.26'!$J$4:$J$1429,$F92,'09.26'!$M$4:$M$1429) -> 0
A93: Д | B93: 10.4 | C93: г. Москва, ул. Ижорская, вл. 6, Коровинское ш., вл. 35, корп. 4.1-4.4 с подземным паркингом (мена) | E93: Активный | F93: БП4.1-4-4_2 от 28.11.2025 | G93: Объект капитального строительства,предполагаемый к размещению на земельном (-ых) участке (-ах) с кадастровым (-и) номером (- ами): 77:09:0002016:6096, по адресу: г. Москва, ул. Ижорская, вл. 6, Коровинское ш., вл. 35 (корп. 4.1-4.4) | H93: г. Москва, ул. Ижорская, вл. 6, Коровинское ш., вл. 35, корп. 4.1-4.4 с подземным паркингом (мена) | I93: Эксплуатация | J93: 46006 | K93: 46370 | L93: =T93/M93 -> 0.62853904 | M93: =MAX(N93:R93) -> 16885715 | N93: 16227197 | O93: 16885715 | T93: =SUM(U93:AA93) -> 10613331 | U93: 3021183.6 | V93: 1180492.6 | W93: 1180492.6 | X93: 1180492.6 | Y93: =SUMIF('07.26'!$J$4:$J$1000,$F93,'07.26'!$M$4:$M$1000) -> 1849986.1 | Z93: =SUMIF('08.26'!$J$4:$J$1000,$F93,'08.26'!$M$4:$M$1000) -> 1180492.6 | AA93: =SUMIF('09.26'!$J$4:$J$1429,$F93,'09.26'!$M$4:$M$1429) -> 1020191.1 | AP93: Подаёмся ежемесячно
A94: Д | B94: 10.5 | E94: Активный | F94: БП4.1-4-4_1 от 25.11.2025 | G94: Объект капитального строительства,предполагаемый к размещению на земельном (-ых) участке (-ах) с кадастровым (-и) номером (- ами): 77:09:0002016:6096, по адресу: ул. Ижорская, вл. 6, Коровинское ш., вл. 35 (корп. 4.1-4.4) | I94: Мобилизация | J94: 45971 | K94: 46053 | L94: =T94/M94 -> 0.8709725 | M94: =MAX(N94:R94) -> 21226141 | N94: 15633567 | O94: 21226141 | T94: =SUM(U94:AA94) -> 18487385 | U94: 8511147.2 | V94: 4863719.8 | W94: 837043.45 | X94: 496215 | Y94: =SUMIF('07.26'!$J$4:$J$1000,$F94,'07.26'!$M$4:$M$1000) -> 3779259.6 | Z94: =SUMIF('08.26'!$J$4:$J$1000,$F94,'08.26'!$M$4:$M$1000) -> 0 | AA94: =SUMIF('09.26'!$J$4:$J$1429,$F94,'09.26'!$M$4:$M$1429) -> 0 | AP94: Подаёмся ежемесячно
A95: Д | B95: 11 | C95: Бусиновский парк | D95: ООО "ПИК-УК" | L95: =T95/M95 -> 0.6751891 | M95: =SUM(M96:M107) -> 225133858 | N95: =SUM(N96:N107) -> 2.2213942e+08 | O95: =SUM(O96:O107) -> 45753115 | P95: =SUM(P96:P107) -> 0 | Q95: =SUM(Q96:Q107) -> 0 | R95: =SUM(R96:R107) -> 0 | S95: =SUM(S96:S107) -> 0 | T95: =SUM(U95:AA95) -> 1.5200793e+08 | U95: =SUM(U96:U107) -> 1.1307606e+08 | V95: =SUM(V96:V107) -> 4165980.2 | W95: =SUM(W96:W107) -> 12174177 | X95: =SUM(X96:X107) -> 2672544 | Y95: =SUM(Y96:Y107) -> 3339956.1 | Z95: =SUM(Z96:Z107) -> 6049722.6 | AA95: =SUM(AA96:AA107) -> 10529487 | AB95: =SUM(AB96:AB107) -> 0 | AD95: Алиев Абдулагат Алиевич/ Чалишев Бехруз Муродович
A96: Д | B96: 11.1 | C96: г. Москва, ул. Ижорская, вл. 6, Коровинское ш., вл. 35, корп. 8, ДОО на 150 мест | E96: Активный | F96: 023061794 от 18.02.2026 | G96: Объект капитального строительства: «Дошкольная образовательная организация на 150 мест, корпус 8» по адресу: Москва, САО, г. Москва, Западное Дегунино, Ижорская ул. | H96: г. Москва, ул. Ижорская, вл. 6, Коровинское ш., вл. 35, корп. 8, ДОО на 150 мест | I96: Эксплуатация | J96: 46054 | K96: 46418 | L96: =T96/M96 -> 0.43045417 | M96: =MAX(N96:R96) -> 8553825.9 | N96: 8553825.9 | T96: =SUM(U96:AA96) -> 3682030 | U96: 796525.99 | V96: 606024 | W96: 455896 | X96: 455896.01 | Y96: =SUMIF('07.26'!$J$4:$J$1000,$F96,'07.26'!$M$4:$M$1000) -> 455896 | Z96: =SUMIF('08.26'!$J$4:$J$1000,$F96,'08.26'!$M$4:$M$1000) -> 455896 | AA96: =SUMIF('09.26'!$J$4:$J$1429,$F96,'09.26'!$M$4:$M$1429) -> 455896 | AP96: Подаёмся ежемесячно
A97: Д | B97: 11.2 | C97: г. Москва, ул. Ижорская, вл. 6, Коровинское ш., вл. 35, площадка | E97: Активный | F97: ИЖ-250225-содерж/площадка от 01.01.2025 | G97: Объекты капитального строительства, расположенные на земельном (-ых) участке (-ах) с кадастровым (-и) номером (-ами): 77:09:0002016:7597, по адресу: г. Москва, ул. Ижорская, вл. 6, Коровинское ш., вл. 35, площадка | H97: г. Москва, ул. Ижорская, вл. 6, Коровинское ш., вл. 35, площадка | I97: Эксплуатация | J97: 45658 | K97: 46387 | L97: =T97/M97 -> 0.85825642 | M97: =MAX(N97:R97) -> 33212133 | N97: 33212133 | T97: =SUM(U97:AA97) -> 28504526 | U97: 21312637 | V97: 1198648.3 | W97: 1198648.3 | X97: 1198648.3 | Y97: =SUMIF('07.26'!$J$4:$J$1000,$F97,'07.26'!$M$4:$M$1000) -> 1198648.3 | Z97: =SUMIF('08.26'!$J$4:$J$1000,$F97,'08.26'!$M$4:$M$1000) -> 1198648.3 | AA97: =SUMIF('09.26'!$J$4:$J$1429,$F97,'09.26'!$M$4:$M$1429) -> 1198648.3 | AP97: Подаёмся ежемесячно
A98: Д | B98: 11.3 | E98: Активный | F98: 022681692 от 04.12.2025 | G98: Объекты капитального строительства, расположенные на земельном (-ых) участке (-ах) с кадастровым (-и) номером (-ами): 77:09:0002016:7581, по адресу: г. Москва, внутригородская территория муниципальный округ Западное Дегунино, Коровинское шоссе | I98: Мобилизация | J98: 45930 | K98: 46142 | L98: =T98/M98 -> 0.42039482 | M98: =MAX(N98:R98) -> 9713854.9 | N98: 9713854.9 | T98: =SUM(U98:AA98) -> 4083654.3 | U98: 4083654.3 | Y98: =SUMIF('07.26'!$J$4:$J$1000,$F98,'07.26'!$M$4:$M$1000) -> 0 | Z98: =SUMIF('08.26'!$J$4:$J$1000,$F98,'08.26'!$M$4:$M$1000) -> 0 | AA98: =SUMIF('09.26'!$J$4:$J$1429,$F98,'09.26'!$M$4:$M$1429) -> 0 | AP98: Подаёмся часто
A99: Д | B99: 11.4 | E99: Активный | F99: 021966423 от 29.07.2025 | G99: Объекты капитального строительства, расположенные на земельном (-ых) участке (-ах) с кадастровым (-и) номером (-ами): 77:09:0002016:7597, по адресу: г. Москва, ул. Ижорская, вл. 6, Коровинское ш., вл. 35, площадка | I99: Мобилизация | J99: 45852 | K99: 46053 | L99: =T99/M99 -> 0.86475884 | M99: =MAX(N99:R99) -> 2778838.9 | N99: 2778838.9 | T99: =SUM(U99:AA99) -> 2403025.5 | U99: 1899868.9 | W99: 503156.62 | Y99: =SUMIF('07.26'!$J$4:$J$1000,$F99,'07.26'!$M$4:$M$1000) -> 0 | Z99: =SUMIF('08.26'!$J$4:$J$1000,$F99,'08.26'!$M$4:$M$1000) -> 0 | AA99: =SUMIF('09.26'!$J$4:$J$1429,$F99,'09.26'!$M$4:$M$1429) -> 0 | AP99: Подаёмся периодически
A100: Д | B100: 11.5 | E100: Активный | F100: 022724054 от 18.12.2025 | G100: г. Москва, ул. Ижорская, вл. 6, Коровинское ш., вл. 35, площадка | H100: г. Москва, ул. Ижорская, вл. 6, Коровинское ш., вл. 35, площадка | I100: Мобилизация | J100: 46181 | K100: 46265 | L100: =T100/$M$100 -> 0.85665388 | M100: =MAX(N100:R100) -> 7814928.2 | N100: 6686105.1 | O100: 7814928.2 | T100: =SUM(U100:AA100) -> 6694688.6 | W100: 5456125.2 | Y100: =SUMIF('07.26'!$J$4:$J$1000,$F100,'07.26'!$M$4:$M$1000) -> 1238563.4 | Z100: =SUMIF('08.26'!$J$4:$J$1000,$F100,'08.26'!$M$4:$M$1000) -> 0 | AA100: =SUMIF('09.26'!$J$4:$J$1429,$F100,'09.26'!$M$4:$M$1429) -> 0
...

Sheet Распределение объектов  (копия)
A1: РЕЕСТР ДЕЙСТВУЮЩИХ КОНТРАКТОВ ООО "СКАЛА"
A2: Актуальная инфомация на 25.05.2026
A3: № п/п | B3: Объекты Адрес/корпус/очередь | C3: Заказчик | D3: Договор | E3: Объект и адрес по договору | F3: Адрес ПИК | G3: Вид работ | H3: ГПР | I3: Сумма договора, руб | J3: Сумма договора, руб на 21.04.2026 | K3: ПДЦ 21.04.2026 - 04.05.2026 | L3: ПДЦ 04.05.2026 - 12.05.2026 | M3: ПДЦ 12.05.2026 - 18.05.2026 | Q3: Шаблон | R3: Выполнено, руб | S3: Актуально на 21.04.2026 | T3: Выполнение апрель | U3: Выполнение май | X3: Шаблон | Y3: РП/Прораб | Z3: Примечания
A4: Общая стоимость контрактов, руб. | I4: =I6+I132 -> 3136447679 | J4: =J6+J132 -> 3100521350 | K4: =K6+K132 -> 1.3500912e+08 | L4: =L6+L132 -> 86949271 | M4: =M6+M132 -> 0 | N4: =N6+N132 -> 0 | O4: =O6+O132 -> 0 | P4: =P6+P132 -> 0 | Q4: =Q6+Q132 -> 0 | R4: =SUM(S4:W4) -> 1724587856 | S4: =S6+S132 -> 1595813591 | T4: =T6+T132 -> 1.2429582e+08 | U4: =U6+U132 -> 4478449.4 | V4: =V6+V132 -> 0 | W4: =W6+W132 -> 0 | X4: =X6+X132 -> 0
A5: ЗАКАЗЧИК ПИК
A6: Общая стоимость по Заказчику ПИК, руб. | I6: =I7+I13+I17+I31+I33+I47+I66+I70+I73+I87+I90+I92+I95+I98+I101+I105+I108+I123+I125+I44+I113+I128 -> 2288055419 | J6: =J7+J13+J17+J31+J33+J47+J66+J70+J73+J87+J90+J92+J95+J98+J101+J105+J108+J123+J125+J44+J113+J128 -> 2253826639 | K6: =K7+K13+K17+K31+K33+K47+K66+K70+K73+K87+K90+K92+K95+K98+K101+K105+K108+K123+K125+K44+K113+K128 -> 1.3500912e+08 | L6: =L7+L13+L17+L31+L33+L47+L66+L70+L73+L87+L90+L92+L95+L98+L101+L105+L108+L123+L125+L44+L113+L128 -> 86949271 | M6: =M7+M13+M17+M31+M33+M47+M66+M70+M73+M87+M90+M92+M95+M98+M101+M105+M108+M123+M125+M44+M113+M128 -> 0 | N6: =N7+N13+N17+N31+N33+N47+N66+N70+N73+N87+N90+N92+N95+N98+N101+N105+N108+N123+N125+N44+N113+N128 -> 0 | O6: =O7+O13+O17+O31+O33+O47+O66+O70+O73+O87+O90+O92+O95+O98+O101+O105+O108+O123+O125+O44+O113+O128 -> 0 | P6: =P7+P13+P17+P31+P33+P47+P66+P70+P73+P87+P90+P92+P95+P98+P101+P105+P108+P123+P125+P44+P113+P128 -> 0 | Q6: =Q7+Q13+Q17+Q31+Q33+Q47+Q66+Q70+Q73+Q87+Q90+Q92+Q95+Q98+Q101+Q105+Q108+Q123+Q125+Q44+Q113+Q128 -> 0 | R6: =SUM(S6:W6) -> 1392282773 | S6: =S7+S13+S17+S31+S33+S47+S66+S70+S73+S87+S90+S92+S95+S98+S101+S105+S108+S123+S125+S44+S113+S128 -> 1279320369 | T6: =T7+T13+T17+T31+T33+T47+T66+T70+T73+T87+T90+T92+T95+T98+T101+T105+T108+T123+T125+T44+T113+T128 -> 108483955 | U6: =U7+U13+U17+U31+U33+U47+U66+U70+U73+U87+U90+U92+U95+U98+U101+U105+U108+U123+U125+U44+U113+U128 -> 4478449.4 | V6: =V7+V13+V17+V31+V33+V47+V66+V70+V73+V87+V90+V92+V95+V98+V101+V105+V108+V123+V125+V44+V113+V128 -> 0 | W6: =W7+W13+W17+W31+W33+W47+W66+W70+W73+W87+W90+W92+W95+W98+W101+W105+W108+W123+W125+W44+W113+W128 -> 0 | X6: =X7+X13+X17+X31+X33+X47+X66+X70+X73+X87+X90+X92+X95+X98+X101+X105+X108+X123+X125+X44+X113+X128 -> 0
A7: 1 | B7: Волжский парк (1-й Грайвороновский) | C7: ООО "ПИК-МЕНЕДЖМЕНТ" | I7: =SUM(I8:I12) -> 78450355 | J7: =SUM(J8:J12) -> 78450355 | K7: =SUM(K8:K12) -> 0 | L7: =SUM(L8:L12) -> 0 | M7: =SUM(M8:M12) -> 0 | N7: =SUM(N8:N12) -> 0 | O7: =SUM(O8:O12) -> 0 | P7: =SUM(P8:P12) -> 0 | Q7: =SUM(Q8:Q12) -> 0 | R7: =SUM(S7:W7) -> 62463523 | S7: =SUM(S8:S12) -> 48808767 | T7: =SUM(T8:T12) -> 9176306.6 | U7: =SUM(U8:U12) -> 4478449.4 | V7: =SUM(V8:V12) -> 0 | W7: =SUM(W8:W12) -> 0 | X7: =SUM(X8:X12) -> 0 | Y7: Бочаев Руслан Хасанович/ -
A8: 1.1 | B8: Корпус 6 | D8: №ВП6.2-СКАЛА-МР от 16.12.2024 | E8: «Жилые дома Корпуса 6.1, 6.2. Этап 2. Корпус 6.2» по адресу: Москва, ЮВАО, Текстильщики, у-й Грайвороновский проезд, вл.3 | F8: г. Москва, 1-й Грайвороновский пр-д, вл. 3, 6-ой очереди | G8: Мобилизация | H8: 15.11.2024 -30.06.2026* | I8: =MAX(J8:P8) -> 19044343 | J8: 19044343 | R8: =SUM(S8:W8) -> 12136393 | S8: 6367680.4 | T8: 2082960 | U8: 3685752.2
D9: №ВП6.2-СКАЛА-СПС от 11.12.2024 | E9: «Жилые дома Корпуса 6.1, 6.2. Этап 2. Корпус 6.2» по адресу: Москва, ЮВАО, Текстильщики, у-й Грайвороновский проезд, вл.3 | F9: г. Москва, 1-й Грайвороновский пр-д, вл. 3, корп. 6.1, 6.2 | G9: Эксплуатация | H9: 01.01.2026 -31.03.2026 | I9: =MAX(J9:P9) -> 29591768 | J9: 29591768 | R9: =SUM(S9:W9) -> 31349327 | S9: 24591768 | T9: 6757559.1 | Z9: НЗ на продление на подписании
A10: 1.2 | B10: Площадка | D10: №ВП-СКАЛА-ВЖББ-ПЛОЩ от 04.08.2025 | E10: объекты капитального строительства, расположенные на земельном (-ых) участке (-ах) с кадастровым (-и) номером (-ами): 77:04:0002005, по адресу: г. Москва, 1-й Грайвороновский пр-д, вл. 3, площадка | F10: г. Москва, 1-й Грайвороновский пр-д, вл. 3, площадка | G10: Мобилизация | H10: 12.05.2025 -31.12.2026 | I10: =MAX(J10:P10) -> 1292350.9 | J10: 1292350.9 | R10: =SUM(S10:W10) -> 1242897.7 | S10: 1242897.7 | Z10: пока на стопе, но в будущем работы планируются на площадке
D11: №ВП-СКАЛА-ЭКСП от 17.04.2026 | E11: объекты капитального строительства, расположенные на земельном (-ых) участке (-ах) с кадастровым (-и) номером (-ами): 77:04:0002005:16049, по адресу: г. Москва, 1-й Грайвороновский пр-д, вл. 3, площадка | F11: г. Москва, 1-й Грайвороновский пр-д, вл. 3, площадка | G11: Эксплуатация | H11: 01.01.2026 -31.03.2026 | I11: =MAX(J11:P11) -> 4436583.1 | J11: 4436583.1 | R11: =SUM(S11:W11) -> 0 | S11: 0 | Z11: подписали 21.04.2026, полностью забираем апрель
A12: 1.3 | B12: Корпус 5 | D12: №В5-СП-СК от 06.10.2022 | E12: объект капитального строительства,предполагаемый к размещению на земельном (-ых) участке (-ах) с кадастровым (-и) номером (- ами): 77:04:0002005:10954, по адресу: г. Москва, 1-й Грайвороновский пр., вл. 3 (корп. 5.1, 5.2, 5.3, 5.4) | F12: г. Москва, 1-й Грайвороновский пр-д, вл. 3, общедомовой к корп. 5.1-5.4 | G12: Мобилизация | H12: 01.09.2022 -31.12.2026 | I12: =MAX(J12:P12) -> 24085310 | J12: 24085310 | R12: =SUM(S12:W12) -> 17734905 | S12: 16606421 | T12: 335787.52 | U12: 792697.2 | Z12: Корпуса сдали/ закупаем заказчику бытовки еще через остатки в договоре
A13: 2 | B13: Кавказский бульвар | C13: ООО "ПИК-УК" | I13: =SUM(I14:I16) -> 32508599 | J13: =SUM(J14:J16) -> 32508599 | K13: =SUM(K14:K16) -> 0 | L13: =SUM(L14:L16) -> 0 | M13: =SUM(M14:M16) -> 0 | N13: =SUM(N14:N16) -> 0 | O13: =SUM(O14:O16) -> 0 | P13: =SUM(P14:P16) -> 0 | Q13: =SUM(Q14:Q16) -> 0 | R13: =SUM(S13:W13) -> 32724256 | S13: =SUM(S14:S16) -> 30148166 | T13: =SUM(T14:T16) -> 2576090 | U13: =SUM(U14:U16) -> 0 | V13: =SUM(V14:V16) -> 0 | W13: =SUM(W14:W16) -> 0 | X13: =SUM(X14:X16) -> 0 | Y13: Бочаев Руслан Хасанович/ Ациев Абдулгалим Рабаданович
A14: 2.1 | B14: Площадка | D14: №КБ51-СКЛ-ВДПР/пл от 28.10.2024 | E14: объекты капитального строительства, расположенные на земельном (-ых) участке (-ах) с кадастровым (-и) номером (-ами): 77:05:0005006:4958; 77:05:0005006:4954; 77:05:0005006:4953, по адресу: г. Москва, Кавказский б-р, вл. 51, площадка | F14: г. Москва, Кавказский б-р, вл. 51, площадка | G14: Электрика/водопровод | H14: 16.09.2024 -30.06.2026* | I14: =MAX(J14:P14) -> 2612967.7 | J14: 2612967.7 | R14: =SUM(S14:W14) -> 1927288.8 | S14: 1927288.8
D15: №КБ51-Скала-РВР-МУС/эт2 от 01.10.2024 | E15: объект капитального строительства: корп. 1.5, 1.6, входящий в состав имущественного комплекса: «Общественно-жилая застройка, 1-я очередь строительства (корпуса 1.1, 1.2, 1.3, 1.4, 1.5, 1.6)» по адресу: Российская Федерация, город Москва, внутригородская территория муниципальный округ Царицыно, Кавказский бульвар, земельный участок 51 | F15: г. Москва, Кавказский б-р, вл. 51, 1-я оч., этап 2, корп. 1.5, 1.6 с подземным паркингом на 133 м/м | G15: Вывоз мусора | H15: 02.09.2024 -30.06.2026* | I15: =MAX(J15:P15) -> 926200 | J15: =766200+160000 -> 926200 | R15: =SUM(S15:W15) -> 766200 | S15: 766200 | Z15: допник на согласовании
A16: 2.2 | B16: ДОО | D16: №КБ51-СКЛ-Экс/ДОО от 20.06.2023 | E16: объект капитального строительства: «Дошкольная образовательная организация на 250 мест» по адресу: г. Москва, Кавказский б-р, вл. 51, ДОО на 250 мест, Этап 3.2 б | F16: г. Москва, Кавказский б-р, вл. 51, ДОО на 250 мест, Этап 3.2 б | G16: Эксплуатация | H16: 01.08.2025 - 31.05.2026 | I16: =MAX(J16:P16) -> 28969432 | J16: 28969432 | R16: =SUM(S16:W16) -> 30030768 | S16: 27454678 | T16: 2576090 | Z16: до мая
A17: 3 | B17: Матвеевский парк ( Vangarden, Среда на Лобачевского) | C17: ООО "ПИК-УК" | I17: =SUM(I18:I30) -> 3.6772852e+08 | J17: =SUM(J18:J30) -> 3.4448791e+08 | K17: =SUM(K18:K30) -> 51161864 | L17: =SUM(L18:L30) -> 81516997 | M17: =SUM(M18:M30) -> 0 | N17: =SUM(N18:N30) -> 0 | O17: =SUM(O18:O30) -> 0 | P17: =SUM(P18:P30) -> 0 | Q17: =SUM(Q18:Q30) -> 0 | R17: =SUM(S17:W17) -> 1.8688286e+08 | S17: =SUM(S18:S30) -> 1.7664439e+08 | T17: =SUM(T18:T30) -> 10238464 | U17: =SUM(U18:U30) -> 0 | V17: =SUM(V18:V30) -> 0 | W17: =SUM(W18:W30) -> 0 | X17: =SUM(X18:X30) -> 0 | Y17: Петропавловских Александр Павлович/ Газзаев Алан Владимирович
A18: 3.1 | B18: Площадка | D18: № 021501717 от 05.05.2025 года | E18: объекты капитального строительства, расположенные на земельном (-ых) участке (-ах) с кадастровым (-и) номером (-ами): 77:07:0012008:4324, по адресу: г. Москва, Очаковское ш., вл. 3, 3А, 5, площадка. | F18: г. Москва, Очаковское ш., вл. 3, 3А, 5, площадка | G18: Мобилизация | H18: 21.04.2025 - 31.05.2026 | I18: =MAX(J18:P18) -> 16837904 | J18: 16837904 | R18: =SUM(S18:W18) -> 14923013 | S18: 9159594.4 | T18: 5763418.9
D19: № 022446936 от 23.10.2025 года | E19: объекты капитального строительства, расположенные на земельном (-ых) участке (-ах) с кадастровым (-и) номером (-ами): 77:07:0012008:4341, 77:07:0012008:4403, 77:07:0012008:4413, 77:07:0012008:4342, по адресу: город Москва, вн.тер.г. муниципальный округ Очаково-Матвеевское, шоссе Очаковское, земельный участок 3А/32А. | F19: г. Москва, Очаковское ш., вл. 3, 3А, 5, площадка | G19: Электрика | H19: 29.09.2025 - 31.01.2026 | I19: =MAX(J19:P19) -> 898226.71 | J19: 898226.71 | R19: =SUM(S19:W19) -> 625826.21 | S19: 578276.21 | T19: 47550
A20: 3.2 | B20: Дороги между очередями | D20: №021963258 от 29.07.2025 | E20: объекты капитального строительства, расположенные на земельном (-ых) участке (-ах) с кадастровым (-и) номером (-ами): 77:07:0012008:4340, 77:07:0012008:4342, 77:07:0012008:4323, 77:07:0012008:4403, 77:07:0012008:4409, 77:07:0012008:4417, 77:07:0012008:4406, по адресу: г. Москва, вн.тер.г. муниципальный округ Очаково- Матвеевское, шоссе Очаковское, земельный участок 3А/32А, земельный участок 5А/47 | F20: г. Москва, Очаковское ш., вл. 3, 3А, 5, площадка | G20: Эксплуатация | H20: 01.06.2025 -30.06.2026* | I20: =MAX(J20:P20) -> 81516997 | J20: 60552777 | L20: 81516997 | R20: =SUM(S20:W20) -> 29552777 | S20: 29552777 | Z20: ДС продление 2026 / согласование
A21: 3.3 | B21: Бытовой городок | D21: № 021616823 от 23.05.2025 года | E21: объекты капитального строительства, расположенные на земельном (-ых) участке (-ах) с кадастровым (-и) номером (-ами): 77:07:0012008:4402, по адресу: г. Москва, Очаковское ш., вл. 3, 3А, 5, площадка | F21: г. Москва, Очаковское ш., вл. 3, 3А, 5, площадка | G21: Эксплуатация | H21: 01.05.2025 - 31.12.2026 | I21: =MAX(J21:P21) -> 32050456 | J21: 32050456 | R21: =SUM(S21:W21) -> 19344112 | S21: 17791693 | T21: 1552418.5
A22: 3.4 | B22: Проектируемый проезд № 1439 | D22: № 023164846 от 11.03.2026 года | E22: объекты капитального строительства, расположенные на земельном (-ых) участке (-ах) с кадастровым (-и) номером (-ами): 77:07:0012008:4398, по адресу: город Москва, внутригородская территория муниципальный округ Очаково-Матвеевское, проезд Стройкомбината, земельный участок 1А | F22: г. Москва, Очаковское ш., вл. 3, 3А, 5, площадка | G22: Эксплуатация | H22: 01.03.2026 - 30.06.2026 | I22: =MAX(J22:P22) -> 3609538.2 | J22: 3609538.2 | R22: =SUM(S22:W22) -> 2628002.6 | S22: 1424823.2 | T22: 1203179.4
A23: 3.5 | B23: 4 очередь | D23: №019968493 от 03.09.2024 | E23: объекты капитального строительства, расположенные на земельном (-ых) участке (-ах) с кадастровым (-и) номером (-ами): 77:07:0012008:4100; 77:07:0012008:4101; 77:07:0012008:4083; 77:07:0012008:4075; 77:07:0012008:4096; 77:07:0012008:4097; 77:07:0012008:4077; 77:07:0012008:4095; 77:07:0012008:4091; 77:07:0012008:4081; 77:07:0012008:3750; 77:07:0012008:4094; 77:07:0012008:4084; 77:07:0012008:4079, по адресу: г. Москва, Очаковское ш., вл. 3, 3а, 5, площадка | F23: г. Москва, Очаковское ш., вл. 3, 3А, 5, площадка | G23: Эксплуатация | H23: 01.07.2024 - 31.12.2026 | I23: =MAX(J23:P23) -> 63374747 | J23: 63374747 | R23: =SUM(S23:W23) -> 19781197 | S23: 19781197 | Z23: Продление
D24: №019346722 от 30.05.2024 | E24: объекты капитального строительства, расположенные на земельном (-ых) участке (-ах) с кадастровым (-и) номером (-ами): 77:07:0012008:4402, по адресу: г. Москва, Очаковское ш., вл. 3, 3а, 5, площадка | F24: г. Москва, Очаковское ш., вл. 3, 3А, 5, площадка | G24: Мобилизация | H24: 22.04.2024 - 30.06.2026 | I24: =MAX(J24:P24) -> 51161864 | J24: 48885480 | K24: 51161864 | R24: =SUM(S24:W24) -> 34782711 | S24: 33934562 | T24: 848148.69
D25: №020226119 от 10.10.2024 | E25: объекты капитального строительства, расположенные на земельном (-ых) участке (-ах) с кадастровым (-и) номером (-ами): 77:07:0012008:4402, по адресу: Очаковское ш., вл. 3, 3А, 5, площадка | F25: г. Москва, Очаковское ш., вл. 3, 3А, 5, площадка | G25: Электрика | H25: 02.09.2024 - 31.05.2026 | I25: =MAX(J25:P25) -> 6133744.2 | J25: 6133744.2 | R25: =SUM(S25:W25) -> 5795967.2 | S25: 5399130.1 | T25: 396837.13
A26: 3.6 | B26: ЖК Среда | D26: №018419783 от 25.12.2023 | E26: объекты капитального строительства, расположенные на земельном (-ых) участке (-ах) с кадастровым (-и) номером (-ами): -, по адресу: г. Москва, Очаковское ш., вл. 3, 3А, 5. | F26: г. Москва, Очаковское ш., вл. 3, 3А, 5, площадка | G26: Эксплуатация | H26: 01.01.2024- - 30.06.2026* | I26: =MAX(J26:P26) -> 27959055 | J26: 27959055 | R26: =SUM(S26:W26) -> 18115510 | S26: 18115510 | Z26: Продлен новым договором/ по факту все закрыто/ были ПМК, которые не обслуживали и КЛ/вода , также вышли в марте, июнь-июль 2024 простой, поэтому 4 месяца в остатке
D27: №023532811 от 14.05.2026 | F27: г. Москва, Очаковское ш., вл. 3, 3А, 5, Площадка (Среда) | G27: Эксплуатация | H27: 01.01.2026-31.12.2026 | I27: =MAX(J27:P27) -> 13929745 | J27: 13929745 | R27: =SUM(S27:W27) -> 0 | S27: 0 | Z27: смена адреса/продление/согласование договора
D28: №СК-МОБ/ОЧШ-5.1-5.8 от 14.03.2024 | E28: объекты капитального строительства, расположенные на земельном (-ых) участке (-ах) с кадастровым (-и) номером (-ами): 77:07:0012008:4413, по адресу: г. Москва, Очаковское ш., вл. 3, 3а, 5 | F28: г. Москва, Очаковское ш., вл. 3, 3А, 5, площадка | G28: Мобилизация | H28: 01.01.2024 -30.06.2026* | I28: =MAX(J28:P28) -> 44924741 | J28: 44924741 | R28: =SUM(S28:W28) -> 40985840 | S28: 40906831 | T28: 79009 | Z28: новые объемы по новому договору, остатки добираются по этому
D29: №023392699 от 17.04.2026 | E29: объекты капитального строительства, расположенные на земельном (-ых) участке (-ах) с кадастровым (-и) номером (-ами): 77:07:0012008:4413, по адресу: г. Москва, ЗАО, Очаково-Матвеевское, Очаковское ш. | F29: г. Москва, Очаковское ш., вл. 3, 3А, 5, Площадка (Среда) | G29: Мобилизация | H29: 27.03.2026 - 31.05.2026 | I29: =MAX(J29:P29) -> 347902.46 | J29: 347902.46 | R29: =SUM(S29:W29) -> 347902.46 | S29: 0 | T29: 347902.46 | Z29: смена адреса/ на подписании
A30: 3.7 | B30: ЖК Комфорт | D30: № 022769562 от 12.12.2025 года | E30: объекты капитального строительства, расположенные на земельном (-ых) участке (-ах) с кадастровым (-и) номером (-ами): 77:07:0012008:4421, по адресу: г. Москва, Очаковское ш., вл. 3, 3а, 5 | F30: г. Москва, Очаковское ш., вл. 3, 3А, 5, Площадка (Среда) | G30: Мобилизация | H30: 11.12.2025 - 31.05.2026 | I30: =MAX(J30:P30) -> 24983595 | J30: 24983595 | R30: =SUM(S30:W30) -> 0 | S30: 0 | Z30: Не начали работы , будет еще экспл.
A31: 4 | B31: Моментс (Красногорский, Волоколамское ш.) | C31: ООО "ПИК-УК" | I31: =SUM(I32) -> 47432904 | J31: =SUM(J32) -> 47432904 | K31: =SUM(K32) -> 0 | L31: =SUM(L32) -> 0 | M31: =SUM(M32) -> 0 | N31: =SUM(N32) -> 0 | O31: =SUM(O32) -> 0 | P31: =SUM(P32) -> 0 | Q31: =SUM(Q32) -> 0 | R31: =SUM(S31:W31) -> 45684204 | S31: =SUM(S32) -> 45684204 | T31: =SUM(T32) -> 0 | U31: =SUM(U32) -> 0 | V31: =SUM(V32) -> 0 | W31: =SUM(W32) -> 0 | X31: =SUM(X32) -> 0 | Y31: Алиев Абдулагат Алиевич/ Чалишев Фируз Талбакович
A32: 4.1 | B32: Площадка | D32: №СК/ВЛ-СДП от 01.03.2023 | E32: объекты капитального строительства, расположенные на земельном (-ых) участке (-ах) с кадастровым (-и) номером (-ами): 77:08:0009002:1000, по адресу: г. Москва, Волоколамское ш., вл. 28, площадка. | F32: г. Москва, Волоколамское ш., вл. 28, площадка | G32: Эксплуатация | H32: 01.03.2023 - 31.03.2026 | I32: =MAX(J32:P32) -> 47432904 | J32: 47432904 | R32: =SUM(S32:W32) -> 45684204 | S32: 45684204 | Z32: Только эксплуатация
A33: 5 | B33: Саларьево парк | C33: ООО "ПИК-МЕНЕДЖМЕНТ" | I33: =SUM(I34:I43) -> 2.3292797e+08 | J33: =SUM(J34:J43) -> 2.2894123e+08 | K33: =SUM(K34:K43) -> 55222907 | L33: =SUM(L34:L43) -> 0 | M33: =SUM(M34:M43) -> 0 | N33: =SUM(N34:N43) -> 0 | O33: =SUM(O34:O43) -> 0 | P33: =SUM(P34:P43) -> 0 | Q33: =SUM(Q34:Q43) -> 0 | R33: =SUM(S33:W33) -> 1.3289143e+08 | S33: =SUM(S34:S43) -> 1.2488423e+08 | T33: =SUM(T34:T43) -> 8007197.7 | U33: =SUM(U34:U43) -> 0 | V33: =SUM(V34:V43) -> 0 | W33: =SUM(W34:W43) -> 0 | X33: =SUM(X34:X43) -> 0 | Y33: Петропавловских Александр Павлович/-
A34: 5.1 | B34: 83 корпус | D34: №020545364 от 26.11.2024 | E34: объект капитального строительства: «Многоэтажный жилой дом, корпус 83 с подземной стоянкой автомобилей, с инженерными сетями, в составе Жилой застройки с объектами социальной инфраструктуры» по адресу: Москва, НАО, вн.тер.г. поселение, г. Москва, Московский, улица Саларьевская, земельный участок 17 | F34: д. Саларьево, 14- очередь, корпус 83 | G34: Мобилизация | H34: 08.10.2024 -30.06.2026* | I34: =MAX(J34:P34) -> 25582776 | J34: 25161404 | K34: 25582776 | R34: =SUM(S34:W34) -> 23058124 | S34: 23058124
D35: №021299329 от 24.03.2025 | E35: объект капитального строительства: «Многоэтажный жилой дом, корпус 83 с подземной стоянкой автомобилей, с инженерными сетями, в составе Жилой застройки с объектами социальной инфраструктуры» по адресу: Москва, НАО, вн.тер.г. поселение, г. Москва, Московский, улица Саларьевская, земельный участок 17 | F35: д. Саларьево, 14 очередь, корп. 83 | G35: Эксплуатация | H35: 01.01.2026-31.12.2026 | I35: =MAX(J35:P35) -> 30729117 | J35: 30729117 | R35: =SUM(S35:W35) -> 19787637 | S35: 18430204 | T35: 1357433.2
A36: 5.2 | B36: 74 корпус | D36: № 022039867 от 11.08.2025 года | E36: объекты капитального строительства, расположенные на земельном (-ых) участке (-ах) с кадастровым (-и) номером (-ами): 77:17:0110205:17424, 77:17:0110205:17418, 77:17:0110205:17420, по адресу: г. Москва, п. Московский, д. Саларьево | F36: д. Саларьево, 13 очередь | G36: Мобилизация | H36: 11.06.2025 - 30.06.2026 | I36: =MAX(J36:P36) -> 14060669 | J36: 14060669 | R36: =SUM(S36:W36) -> 3414911 | S36: 2491884.8 | T36: 923026.17 | Z36: вышел ДС
D37: № 022086879 от 19.08.2025 года | E37: объект капитального строительства: «Многоэтажный жилой дом, корпус 74 с подземной стоянкой автомобилей, с инженерными сетями, в составе Жилой застройки с объектами социальной инфраструктуры» по адресу: Москва, НАО, вн.тер.г. муниципальный округ, г. Москва, Коммунарка, улица Трёхполье, земельный участок 7 | F37: д. Саларьево, 13 очередь, корп. 74 | G37: Эксплуатация | H37: 01.06.2025-31.12.2026 | I37: =MAX(J37:P37) -> 29506540 | J37: 29506540 | R37: =SUM(S37:W37) -> 15487868 | S37: 14000863 | T37: 1487004.4
A38: 5.3 | B38: 57 корпус | D38: №021777580 от 20.06.2025 года | E38: объект капитального строительства: Корпус 57 (этап 1), входящий в состав имущественного комплекса: ««Многоэтажный жилой дом, корпус 57, с инженерными сетями, в составе Жилой застройки с объектами социальной инфраструктуры» Адрес объекта: г. Москва, п. Сосенское, вблизи д. Николо-Хованское. Этап 1» по адресу: Москва, НАО, поселение, г. Москва, Сосенское, вблизи д. Николо-Хованское | F38: д. Саларьево, 11 очередь, корп. 57 | G38: Мобилизация | H38: 29.05.2025 - 31.05.2026 | I38: =MAX(J38:P38) -> 29640132 | J38: 26074763 | K38: 29640132 | R38: =SUM(S38:W38) -> 20672517 | S38: 19287430 | T38: 1385087.4
D39: № 022427735 от 14.11.2025 года | E39: объекты капитального строительства, расположенные на земельном (-ых) участке (-ах) с кадастровым (-и) номером (-ами): 77:17:0120114:6123, по адресу: г. Москва, п Сосенское, вблизи д. Николо-Хованское | F39: д. Саларьево, площадка | G39: Эксплуатация | H39: 01.07.2025-31.12.2026 | I39: =MAX(J39:P39) -> 31238625 | J39: 31238625 | R39: =SUM(S39:W39) -> 17049676 | S39: 15297244 | T39: 1752431.4
A40: 5.4 | B40: 69 корпус | D40: № 022298241 от 29.09.2025 года | E40: объект капитального строительства: корп. 69 (этап 1), входящий в состав имущественного комплекса: «Многоэтажный жилой дом, корпус 69 с подземной стоянкой автомобилей, с инженерными сетями, в составе Жилой застройки с объектами социальной инфраструктуры. 1 этап (секции 1, 2, 3, 4, 5, 6, 7)» по адресу: Москва, НАО, вн.тер.г. муниципальный округ, г. Москва, Коммунарка, улица Трёхполье, земельный участок 7 | F40: д. Саларьево, 13 очередь, корп. 69 | G40: Мобилизация | H40: 08.09.2025 - 30.06.2026* | I40: =MAX(J40:P40) -> 37903822 | J40: 37903822 | R40: =SUM(S40:W40) -> 20414612 | S40: 20414612
D41: №023191344 от 16.03.2026 | E41: объект капитального строительства: корп. 69 (этап 1), входящий в состав имущественного комплекса: «Многоэтажный жилой дом, корпус 69 с подземной стоянкой автомобилей, с инженерными сетями, в составе Жилой застройки с объектами социальной инфраструктуры. 1 этап (секции 1, 2, 3, 4, 5, 6, 7)» по адресу: Москва, НАО, вн.тер.г. муниципальный округ, г. Москва, Коммунарка, улица Трёхполье, земельный участок 7 | F41: д. Саларьево, 13 очередь, корп. 69 (этап 1) с подземным паркингом | G41: Эксплуатация | H41: 01.01.2026 - 31.12.2026 | I41: =MAX(J41:P41) -> 13944072 | J41: 13944072 | R41: =SUM(S41:W41) -> 4198148.6 | S41: 3095933.4 | T41: 1102215.1
A42: 5.5 | B42: 73 корпус | D42: №023224047 от 20.03.2026 | E42: объект капитального строительства: «Многоэтажный жилой дом, корпус 73 с подземной стоянкой автомобилей, с инженерными сетями, в составе Жилой застройки с объектами социальной инфраструктуры» по адресу: Москва, НАО, вн.тер.г. поселение, г. Москва, Московский, ул. Саларьевская | F42: д. Саларьево, 12 очередь, корп. 73 | G42: Мобилизация | H42: 10.03.2026 - 31.05.2026 | I42: =MAX(J42:P42) -> 7871572.2 | J42: 7871572.2 | R42: =SUM(S42:W42) -> 0 | S42: 0 | Z42: Первая КС апрель
A43: 5.6 | B43: 20 корпус | D43: №018088049 от 16.11.2023 | E43: объект капитального строительства,предполагаемый к размещению на земельном (-ых) участке (-ах) с кадастровым (-и) номером (- ами): 77:17:0110205:17418 77:17:0110205:17420, по адресу: г.Москва, п. Московский, д Саларьево ((Корпус 20)) | F43: д. Саларьево, 13 очередь, корп. 20 | G43: Мобилизация | H43: 13.11.2023 -30.06.2026* | I43: =MAX(J43:P43) -> 12450651 | J43: 12450651 | R43: =SUM(S43:W43) -> 8807935.5 | S43: 8807935.5 | Z43: Редкие работы
A44: 6 | B44: Часовая (Soul) | C44: ООО "ПИК-УК" | I44: =SUM(I45:I46) -> 73781116 | J44: =SUM(J45:J46) -> 73781116 | K44: =SUM(K45:K46) -> 0 | L44: =SUM(L45:L46) -> 0 | M44: =SUM(M45:M46) -> 0 | N44: =SUM(N45:N46) -> 0 | O44: =SUM(O45:O46) -> 0 | P44: =SUM(P45:P46) -> 0 | Q44: =SUM(Q45:Q46) -> 0 | R44: =SUM(S44:W44) -> 41136359 | S44: =SUM(S45:S46) -> 34871403 | T44: =SUM(T45:T46) -> 6264956.2 | U44: =SUM(U45:U46) -> 0 | V44: =SUM(V45:V46) -> 0 | W44: =SUM(W45:W46) -> 0 | X44: =SUM(X45:X46) -> 0 | Y44: Алиев Абдулагат Алиевич/ Чалишев Фируз Талбакович
A45: 6.1 | B45: Площадка | D45: №ЧСВ-СКАЛА-МОБ от 20.06.2025 | E45: объекты капитального строительства, расположенные на земельном (-ых) участке (-ах) с кадастровым (-и) номером (-ами): 77:09:0000000:189135,, по адресу: г. Москва, ул. Часовая, вл. 28 | F45: г. Москва, ул. Часовая, вл. 28, площадка | G45: Мобилизация | H45: 22.04.2025 - 31.05.2026 | I45: =MAX(J45:P45) -> 9072442.1 | J45: 9072442.1 | R45: =SUM(S45:W45) -> 6156511.2 | S45: 2069668.7 | T45: 4086842.5 | Z45: ждем ДС/подписание/ сумма договора с уч ДС
D46: №ЧСВ-СКАЛА-ЭКСПЛ от 10.03.2025 | E46: объекты капитального строительства, расположенные на земельном (-ых) участке (-ах) с кадастровым (-и) номером (-ами): 77:09:0000000:189135, по адресу: г. Москва, ул. Часовая, вл. 28 | F46: г. Москва, ул. Часовая, вл. 28, площадка | G46: Эксплуатация | H46: 01.01.2025 - 31.12.2026 | I46: =MAX(J46:P46) -> 64708674 | J46: 64708674 | R46: =SUM(S46:W46) -> 34979848 | S46: 32801734 | T46: 2178113.7
A47: 7 | B47: Люблинский парк | C47: ООО "ГЛОБАЛСТРОЙТЕХ" | I47: =SUM(I48:I65) -> 3.4552642e+08 | J47: =SUM(J48:J65) -> 3.4342585e+08 | K47: =SUM(K48:K65) -> 0 | L47: =SUM(L48:L65) -> 0 | M47: =SUM(M48:M65) -> 0 | N47: =SUM(N48:N65) -> 0 | O47: =SUM(O48:O65) -> 0 | P47: =SUM(P48:P65) -> 0 | Q47: =SUM(Q48:Q65) -> 0 | R47: =SUM(S47:W47) -> 2.2731927e+08 | S47: =SUM(S48:S65) -> 2.1783767e+08 | T47: =SUM(T48:T65) -> 9481604.6 | U47: =SUM(U48:U65) -> 0 | V47: =SUM(V48:V65) -> 0 | W47: =SUM(W48:W65) -> 0 | X47: =SUM(X48:X65) -> 0 | Y47: Бочаев Руслан Хасанович/ Тверитин Александр Викторович
A48: 7.1 | B48: г. Москва, ул. Люблинская, 2-я очередь, этап 2, корп. 14.1, 14.2, 14.5, 14.6 с подземным паркингом | D48: №ЛП2-2Э-22.10-СКАЛА от 22.10.2025 | E48: Объект капитального строительства: «Многоэтажные жилые дома корпуса 14.1, 14.2, 14.5, 14.6 с подземной автостоянкой в составе комплексной общественно-жилой застройки» по адресу: Москва, ЮВАО, Люблино, ул.Иловайская, земельный участок 2Б/3; ул. Нижние Поля, влд. 20, к.1; к. 1, стр. 2, 3, 5; ул.Нижние Поля | F48: г. Москва, ул. Люблинская, 2-я очередь, этап 2, корп. 14.1, 14.2, 14.5, 14.6 с подземным паркингом | G48: Эксплуатация | H48: 01.10.2026-31.05.2026 | I48: 12603436 | J48: 10502863 | R48: =SUM(S48:W48) -> 10805556 | S48: 9345125.2 | T48: 1460430.7 | Z48: Подаёмся ежемесячно
A49: 7.2 | B49: г. Москва, ул. Люблинская, вл. 72, паркинг лит. 37 на 498 м/м | D49: №Д886616/24 от 16.10.2024 | E49: Объект капитального строительства: «Наземная многоуровневая неотапливаемая стоянка автомобилей корпус 37 (Этап 28) в составе комплексной общественно-жилой застройки» по адресу: Российская Федерация, г. Москва, вн.тер. г. Муниципальный округ Люблино, ул.Люблинская, з/у 72 | F49: г. Москва, ул. Люблинская, вл. 72, паркинг лит. 37 на 498 м/м | G49: Эксплуатация | H49: 01.09.2024-31.12.2026* | I49: =MAX(J49:P49) -> 14048013 | J49: 14048013 | R49: =SUM(S49:W49) -> 1927648.5 | S49: 1927648.5 | Z49: Временно не работаем
A50: 7.3 | D50: №Д539835/24 от 22.01.2024 | E50: Объект капитального строительства: «Наземная многоуровневая неотапливаемая стоянка автомобилей корпус 37 (Этап 28) в составе комплексной общественно-жилой застройки» по адресу: Российская Федерация, г. Москва, вн.тер. г. Муниципальный округ Люблино, ул.Люблинская, з/у 72 | G50: Мобилизация | H50: 09.01.2024-31.12.2026* | I50: =MAX(J50:P50) -> 6853135.3 | J50: 6853135.3 | R50: =SUM(S50:W50) -> 3987464.5 | S50: 3887224.3 | T50: 100240.2 | Z50: Подаёмся периодически
A51: 7.4 | B51: г. Москва, ул. Люблинская, 2-я очередь, корп. 16, ДОО на 225 мест | D51: №Д853011/24 от 23.09.2024 | E51: Объект капитального строительства: «Дошкольная образовательная организация на 225 мест. Корп. 16» по адресу: Москва, ЮВАО, г. Москва, Люблино, Иловайская | F51: г. Москва, ул. Люблинская, 2-я очередь, корп. 16, ДОО на 225 мест | G51: Эксплуатация | H51: 01.09.2024-31.07.2026 | I51: =MAX(J51:P51) -> 13022590 | J51: 13022590 | R51: =SUM(S51:W51) -> 9623009.1 | S51: 8856105.4 | T51: 766903.69 | Z51: Подаёмся ежемесячно
A52: 7.5 | D52: №Д020351113 от 29.10.2024 | E52: Объект капитального строительства: «Дошкольная образовательная организация на 225 мест. Корп. 16» по адресу: Москва, ЮВАО, г. Москва, Люблино, Иловайская | G52: Электрика | H52: 09.10.2024-31.12.2026* | I52: =MAX(J52:P52) -> 4485226.2 | J52: 4485226.2 | R52: =SUM(S52:W52) -> 2722697 | S52: 2722697 | Z52: Подаёмся периодически
A53: 7.6 | D53: №Д861746/24 от 30.09.2024 | E53: Объект капитального строительства: «Дошкольная образовательная организация на 225 мест. Корп. 16» по адресу: Москва, ЮВАО, г. Москва, Люблино, Иловайская | G53: Мобилизация | H53: 16.09.2024-31.12.2026* | I53: =MAX(J53:P53) -> 10853075 | J53: 10853075 | R53: =SUM(S53:W53) -> 3027397.2 | S53: 2974901.2 | T53: 52496 | Z53: Подаёмся часто
A54: 7.7 | B54: г. Москва, ул. Люблинская, вл. 72, корп. 32, ДОУ 4 на 350 мест | D54: №Д798942/24 от 05.08.2024 | E54: Объект капитального строительства: «Комплексная общественно-жилая застройка. Корпус 32. Дошкольная образовательная организация на 350 мест» по адресу: Москва, ЮВАО, вн.тер.г. муниципальный округ Люблино, ул. Люблинская, з/у 72 | F54: г. Москва, ул. Люблинская, вл. 72, корп. 32, ДОУ 4 на 350 мест | G54: Эксплуатация | H54: 31.07.2025-31.07.2026 | I54: =MAX(J54:P54) -> 20540112 | J54: 20540112 | R54: =SUM(S54:W54) -> 17529617 | S54: 16712127 | T54: 817489.99 | Z54: Подаёмся ежемесячно
A55: 7.8 | D55: №Д403755/23 от 02.02.2024 | E55: «Комплексная общественно-жилая застройка. Корпус 32. Дошкольная образовательная организация на 350 мест» | G55: Мобилизация | H55: 15.01.2024-31.12.2026* | I55: =MAX(J55:P55) -> 10627392 | J55: 10627392 | R55: =SUM(S55:W55) -> 9682467.6 | S55: 9682467.6 | Z55: Подаёмся периодически
A56: 7.9 | B56: г. Москва, ул. Люблинская, вл. 72, поликлиника на 560 пос/см | D56: №Д798825/24 от 03.08.2024 | E56: Объект капитального строительства: «Комплексная общественно-жилая застройка. Корпус 33. Детско- взрослая поликлиника на 560 посещений» по адресу: Москва, ЮВАО, г. Москва, Люблино, ул. Люблинская | F56: г. Москва, ул. Люблинская, вл. 72, поликлиника на 560 пос/см | G56: Эксплуатация | H56: 01.09.2024-30.11.2026 | I56: =MAX(J56:P56) -> 21514838 | J56: 21514838 | R56: =SUM(S56:W56) -> 12382954 | S56: 11514753 | T56: 868200.19 | Z56: Подаёмся ежемесячно
A57: 7.10 | D57: №Д812725/24 от 19.08.2024 | E57: «Комплексная общественно-жилая застройка. Корпус 33. Детско- взрослая поликлиника на 560 посещений» по адресу: Москва, ЮВАО, г. Москва, Люблино, ул. Люблинская | G57: Мобилизация | H57: 31.01.2025-31.12.2026* | I57: =MAX(J57:P57) -> 12580686 | J57: 12580686 | R57: =SUM(S57:W57) -> 8771007.7 | S57: 8771007.7 | Z57: Подаёмся периодически
A58: 7.11 | D58: №Д791796/24 от 29.07.2024 | E58: «Комплексная общественно-жилая застройка. Корпус 33. Детско-взрослая поликлиника на 560 посещений » | G58: Электрика | H58: 29.07.2024-31.12.2026* | I58: =MAX(J58:P58) -> 5521366.2 | J58: 5521366.2 | R58: =SUM(S58:W58) -> 1836372.6 | S58: 1836372.6 | Z58: Подаёмся периодически
A59: 7.12 | B59: г. Москва, ул. Люблинская, вл. 72, корп. 34, Школа на 2200 мест | D59: №Д570794/24 от 24.01.2024 | E59: «Комплексная общественно-жилая застройка. Корпус 34. Общеобразовательная организация на 2200 мест» | F59: г. Москва, ул. Люблинская, вл. 72, корп. 34, Школа на 2200 мест | G59: Эксплуатация | H59: 01.02.2023-30.09.2026 | I59: =MAX(J59:P59) -> 37767747 | J59: 37767747 | R59: =SUM(S59:W59) -> 30133905 | S59: 28897666 | T59: 1236238.9 | Z59: Подаёмся ежемесячно
A60: 7.13 | D60: №Д413965/23 от 20.10.2023 | E60: «Комплексная общественно-жилая застройка. Корп. 34. Общеобразовательная организация на 2200 мест» на земельном(-ых) участке(-ах) с кадастровым(-ыми) номером(-ами) 77:04:0003010:15 по адресу: г. Москва, ул. Люблинская, вл. 72 | G60: Мобилизация | H60: 01.11.2023-31.12.2026* | I60: =MAX(J60:P60) -> 28862096 | J60: 28862096 | R60: =SUM(S60:W60) -> 25299000 | S60: 24403562 | T60: 895438 | Z60: Подаёмся ежемесячно
A61: 7.14 | B61: г. Москва, ул. Люблинская, вл. 72, Блок 12 | D61: №Д572864/24 от 08.02.2024 | E61: Объект капитального строительства: «Многоэтажный жилой дом корпус 12 (Этап 18) в составе комплексной общественно-жилой застройки» по адресу: г. Москва, ул. Люблинская, вл. 72 | F61: г. Москва, ул. Люблинская, вл. 72, Блок 12 | G61: Эксплуатация | H61: 01.02.2024-31.08.2026 | I61: =MAX(J61:P61) -> 34140578 | J61: 34140578 | R61: =SUM(S61:W61) -> 28645956 | S61: 27366991 | T61: 1278964.9 | Z61: ДС на согласовании. Подаёмся ежемесячно.
A62: 7.15 | D62: №Д263913/23 от 29.06.2023 | E62: Объект капитального строительства: «Многоэтажный жилой дом корпус 12 (Этап 18) в составе комплексной общественно-жилой застройки» по адресу: г. Москва, ул. Люблинская, вл. 72 | G62: Мобилизация | H62: 20.06.2023-31.12.2026* | I62: =MAX(J62:P62) -> 63043878 | J62: 63043878 | R62: =SUM(S62:W62) -> 52416467 | S62: 52416467 | Z62: Подаёмся периодически
A63: 7.16 | B63: г. Москва, ул. Люблинская, вл. 72, корп. 17 | D63: №Д1329441/25 от 08.10.2025 | E63: Объект капитального строительства: «Многоэтажный жилой дом корпус 17 (Этап 24) в составе комплексной общественно-жилой застройки» по адресу: г. Москва, ул. Люблинская, вл. 72 | F63: г. Москва, ул. Люблинская, вл. 72, корп. 17 | G63: Мобилизация | H63: 01.10.2025-31.12.2026* | I63: =MAX(J63:P63) -> 12333494 | J63: 12333494 | R63: =SUM(S63:W63) -> 6257688 | S63: 6257688 | Z63: Подаёмся ежемесячно
A64: 7.17 | B64: г. Москва, ул. Люблинская, вл. 72, корп. 19 с БКФН | D64: №Д1330628/25 от 09.10.2025 | E64: Объект капитального строительства: «Многоэтажный жилой дом корпус 19 (Этап 23) в составе комплексной общественно-жилой застройки» по адресу: г. Москва, ул. Люблинская, вл. 72 | F64: г. Москва, ул. Люблинская, вл. 72, корп. 19 с БКФН | G64: Мобилизация | H64: 01.10.2025-31.12.2026* | I64: =MAX(J64:P64) -> 12738271 | J64: 12738271 | R64: =SUM(S64:W64) -> 2270066.1 | S64: 264864.1 | T64: 2005202 | Z64: Будем подаваться в ближайшие месяцы
A65: 7.18 | B65: г. Москва, ул. Люблинская, вл. 72, корп. 18, 20 с БКФН | D65: №Д1330623/25 от 09.10.2025 | E65: Объект капитального строительства: «Многоэтажный жилой дом корпус 18,20 (Этап 22) в составе комплексной общественно-жилой застройки» по адресу: Москва, ЮВАО, Люблино, Люблинская ул. вл. 72 | F65: г. Москва, ул. Люблинская, вл. 72, корп. 18, 20 с БКФН | G65: Мобилизация | H65: 30.09.2025-30.11.2026* | I65: =MAX(J65:P65) -> 23990493 | J65: 23990493 | R65: =SUM(S65:W65) -> 0 | S65: 0 | Z65: Будем подаваться в ближайшие месяцы
A66: 8 | B66: Середневский лес | C66: ООО "ПИК-МЕНЕДЖМЕНТ" | I66: =SUM(I67:I69) -> 62699362 | J66: =SUM(J67:J69) -> 62699362 | K66: =SUM(K67:K69) -> 0 | L66: =SUM(L67:L69) -> 0 | M66: =SUM(M67:M69) -> 0 | N66: =SUM(N67:N69) -> 0 | O66: =SUM(O67:O69) -> 0 | P66: =SUM(P67:P69) -> 0 | Q66: =SUM(Q67:Q69) -> 0 | R66: =SUM(S66:W66) -> 57592264 | S66: =SUM(S67:S69) -> 53963014 | T66: =SUM(T67:T69) -> 3629250.8 | U66: =SUM(U67:U69) -> 0 | V66: =SUM(V67:V69) -> 0 | W66: =SUM(W67:W69) -> 0 | X66: =SUM(X67:X69) -> 0 | Y66: Петропавловских Александр Павлович/ Клоков Андрей Альбертович
A67: 8.1 | B67: г. Москва, п. Филимонковское, Середнево, площадка | D67: №СРД-ПЛ-СР от 30.05.2024 | E67: Объекты капитального строительства, расположенные на земельном (-ых) участке (-ах) с кадастровым (-и) номером (-ами): 77:17:0110114:561, по адресу: г. Москва, поселение Филимонковское, ОАО "Марьинская птицефабрика" | F67: г. Москва, п. Филимонковское, Середнево, площадка | G67: Мобилизация | H67: 01.03.2024-30.04.2026 | I67: =MAX(J67:P67) -> 15524274 | J67: 15524274 | R67: =SUM(S67:W67) -> 16975504 | S67: 14901318 | T67: 2074185.9 | Z67: В марте подали последнее выполнение по ДС
A68: 8.2 | B68: г. Москва, п. Филимонковское, Середнево, корп. 4.3 | D68: №СЕР-СКАЛ -МОБ-4.3 от 24.01.2024 | E68: Объект капитального строительства,предполагаемый к размещению на земельном (-ых) участке (-ах) с кадастровым (-и) номером (- ами): 77:17:0110114:2415, по адресу: г. Москва, поселение Филимонковское, ОАО Марьинская птицефабрика (корп.4.3) | F68: г. Москва, п. Филимонковское, Середнево, корп. 4.3 | G68: Мобилизация | H68: 01.02.2024-30.04.2026* | I68: =MAX(J68:P68) -> 21838049 | J68: 21838049 | R68: =SUM(S68:W68) -> 20272036 | S68: 18716971 | T68: 1555064.9 | Z68: В апреле подадим последнее выполнение по ДС
A69: 8.3 | B69: г. Москва, п. Филимонковское, Середнево, корп. 4.1 | D69: №СРД-4.1-МОБ-Скл от 06.12.2022 | E69: Объект капитального строительства,предполагаемый к размещению на земельном (-ых) участке (-ах) с кадастровым (-и) номером (- ами): 77:17:0110114:562 , по адресу: г. Москва, поселение Филимонковское, ОАО "Марьинская птицефабрика" (4.1) | F69: г. Москва, п. Филимонковское, Середнево, корп. 4.1 | G69: Мобилизация | H69: 28.11.2022-01.06.2026* | I69: =MAX(J69:P69) -> 25337040 | J69: 25337040 | R69: =SUM(S69:W69) -> 20344724 | S69: 20344724 | Z69: НЗ на последнее выполнение по ИС в работе
A70: 9 | B70: Зеленоград | C70: ООО "ПИК-УК" | I70: =SUM(I71:I72) -> 76453566 | J70: =SUM(J71:J72) -> 76453566 | K70: =SUM(K71:K72) -> 0 | L70: =SUM(L71:L72) -> 0 | M70: =SUM(M71:M72) -> 0 | N70: =SUM(N71:N72) -> 0 | O70: =SUM(O71:O72) -> 0 | P70: =SUM(P71:P72) -> 0 | Q70: =SUM(Q71:Q72) -> 0 | R70: =SUM(S70:W70) -> 45919172 | S70: =SUM(S71:S72) -> 43725624 | T70: =SUM(T71:T72) -> 2193548.1 | U70: =SUM(U71:U72) -> 0 | V70: =SUM(V71:V72) -> 0 | W70: =SUM(W71:W72) -> 0 | X70: =SUM(X71:X72) -> 0 | Y70: Алиев Абдул Алиевич, /Гапизов Фидель -Кастро
A71: 9.1 | B71: г. Москва, Зеленоград ЦИЭ, площадка | D71: №021324562 от 08.04.2025 | E71: Объекты капитального строительства, расположенные на земельном (-ых) участке (-ах) с кадастровым (-и) номером (-ами): 77:10:0006007:8, по адресу: г. Москва, Зеленоград ЦИЭ, площадка | F71: г. Москва, Зеленоград ЦИЭ, площадка | G71: Эксплуатация | H71: 01.04.2025-31.12.2026 | I71: =MAX(J71:P71) -> 51046999 | J71: 51046999 | R71: =SUM(S71:W71) -> 30977603 | S71: 28784054 | T71: 2193548.1 | Z71: Подаёмся ежемесячно
A72: 9.2 | D72: №021928281 от 21.07.2025 | E72: Объекты капитального строительства, расположенные на земельном (-ых) участке (-ах) с кадастровым (-и) номером (-ами): 77:10:0006007:8, по адресу: г. Москва, Зеленоград ЦИЭ, площадка | G72: Мобилизация | H72: 30.04.2025-31.12.2026* | I72: =MAX(J72:P72) -> 25406567 | J72: 25406567 | R72: =SUM(S72:W72) -> 14941569 | S72: 14941569 | T72: жду ИС | Z72: Подаёмся ежемесячно
A73: 10 | B73: Бусиновский парк | C73: ООО "ПИК-УК" | I73: =SUM(I74:I86) -> 2.6855358e+08 | J73: =SUM(J74:J86) -> 2.6855358e+08 | K73: =SUM(K74:K86) -> 0 | L73: =SUM(L74:L86) -> 0 | M73: =SUM(M74:M86) -> 0 | N73: =SUM(N74:N86) -> 0 | O73: =SUM(O74:O86) -> 0 | P73: =SUM(P74:P86) -> 0 | Q73: =SUM(Q74:Q86) -> 0 | R73: =SUM(S73:W73) -> 1.4579098e+08 | S73: =SUM(S74:S86) -> 1.3270573e+08 | T73: =SUM(T74:T86) -> 13085241 | U73: =SUM(U74:U86) -> 0 | V73: =SUM(V74:V86) -> 0 | W73: =SUM(W74:W86) -> 0 | X73: =SUM(X74:X86) -> 0 | Y73: Алиев Абдулагат Алиевич/ Чалишев Бехруз Муродович
A74: 10.1 | B74: г. Москва, ул. Ижорская, вл. 6, Коровинское ш., вл. 35, корп. 8, ДОО на 150 мест | D74: 023061794 от 18.02.2026 | E74: Объект капитального строительства: «Дошкольная образовательная организация на 150 мест, корпус 8» по адресу: Москва, САО, г. Москва, Западное Дегунино, Ижорская ул. | F74: г. Москва, ул. Ижорская, вл. 6, Коровинское ш., вл. 35, корп. 8, ДОО на 150 мест | G74: Эксплуатация | H74: 01.02.2026-31.01.2027 | I74: =MAX(J74:P74) -> 8553825.9 | J74: 8553825.9 | R74: =SUM(S74:W74) -> 1402550 | S74: 796525.99 | T74: 606024.01 | Z74: Подаёмся ежемесячно
A75: 10.2 | B75: г. Москва, ул. Ижорская, вл. 6, Коровинское ш., вл. 35, корп. 5.1-5.4 с подземным паркингом (мена) | D75: БП5.1-5.4_3 от 01.12.2025 | E75: Объект капитального строительства,предполагаемый к размещению на земельном (-ых) участке (-ах) с кадастровым (-и) номером (- ами): 77:09:0002016:14, по адресу: г. Москва, ул. Ижорская, вл. 6, Коровинское ш., вл. 35 (корп. 5.1-5.4) | F75: г. Москва, ул. Ижорская, вл. 6, Коровинское ш., вл. 35, корп. 5.1-5.4 с подземным паркингом (мена) | G75: Эксплуатация | H75: 01.02.2026-30.01.2027 | I75: =MAX(J75:P75) -> 19696178 | J75: 19696178 | R75: =SUM(S75:W75) -> 4502179.7 | S75: 3353208.9 | T75: 1148970.8 | Z75: Подаёмся ежемесячно
A76: 10.3 | D76: БП5.1-5.4_2 от 25.11.2025 | E76: Объект капитального строительства,предполагаемый к размещению на земельном (-ых) участке (-ах) с кадастровым (-и) номером (- ами): 77:09:0002016:14, по адресу: г. Москва, ул. Ижорская, вл. 6, Коровинское ш., вл. 35 (корп. 5.1-5.4 ) | G76: Мобилизация | H76: 01.02.2026-30.01.2027 | I76: =MAX(J76:P76) -> 16892457 | J76: 16892457 | R76: =SUM(S76:W76) -> 6470212.4 | S76: 4744134.8 | T76: 1726077.5 | Z76: Подаёмся ежемесячно
A77: 10.4 | B77: г. Москва, ул. Ижорская, вл. 6, Коровинское ш., вл. 35, корп. 4.1-4.4 с подземным паркингом (мена) | D77: БП4.1-4-4_2 от 28.11.2025 | E77: Объект капитального строительства,предполагаемый к размещению на земельном (-ых) участке (-ах) с кадастровым (-и) номером (- ами): 77:09:0002016:6096, по адресу: г. Москва, ул. Ижорская, вл. 6, Коровинское ш., вл. 35 (корп. 4.1-4.4) | F77: г. Москва, ул. Ижорская, вл. 6, Коровинское ш., вл. 35, корп. 4.1-4.4 с подземным паркингом (мена) | G77: Эксплуатация | H77: 15.12.2025-14.12.2026 | I77: =MAX(J77:P77) -> 16227197 | J77: 16227197 | R77: =SUM(S77:W77) -> 4201676.2 | S77: 3021183.6 | T77: 1180492.6 | Z77: Подаёмся ежемесячно
A78: 10.5 | D78: БП4.1-4-4_1 от 25.11.2025 | E78: Объект капитального строительства,предполагаемый к размещению на земельном (-ых) участке (-ах) с кадастровым (-и) номером (- ами): 77:09:0002016:6096, по адресу: ул. Ижорская, вл. 6, Коровинское ш., вл. 35 (корп. 4.1-4.4) | G78: Мобилизация | H78: 10.11.2025-31.01.2026 | I78: =MAX(J78:P78) -> 15633567 | J78: 15633567 | R78: =SUM(S78:W78) -> 13374867 | S78: 8511147.2 | T78: 4863719.8 | Z78: Подаёмся ежемесячно
A79: 10.6 | B79: г. Москва, ул. Ижорская, вл. 6, Коровинское ш., вл. 35, площадка | D79: ИЖ-250225-содерж/площадка от 01.01.2025 | E79: Объекты капитального строительства, расположенные на земельном (-ых) участке (-ах) с кадастровым (-и) номером (-ами): 77:09:0002016:7597, по адресу: г. Москва, ул. Ижорская, вл. 6, Коровинское ш., вл. 35, площадка | F79: г. Москва, ул. Ижорская, вл. 6, Коровинское ш., вл. 35, площадка | G79: Эксплуатация | H79: 01.01.2025-31.12.2026 | I79: =MAX(J79:P79) -> 33212133 | J79: 33212133 | R79: =SUM(S79:W79) -> 22511285 | S79: 21312637 | T79: 1198648.3 | Z79: Подаёмся ежемесячно
A80: 10.7 | D80: 022681692 от 04.12.2025 | E80: Объекты капитального строительства, расположенные на земельном (-ых) участке (-ах) с кадастровым (-и) номером (-ами): 77:09:0002016:7581, по адресу: г. Москва, внутригородская территория муниципальный округ Западное Дегунино, Коровинское шоссе | G80: Мобилизация | H80: 30.09.2025-30.04.2026 | I80: =MAX(J80:P80) -> 9713854.9 | J80: 9713854.9 | R80: =SUM(S80:W80) -> 4083654.3 | S80: 4083654.3 | Z80: Подаёмся часто
A81: 10.8 | D81: 021966423 от 29.07.2025 | E81: Объекты капитального строительства, расположенные на земельном (-ых) участке (-ах) с кадастровым (-и) номером (-ами): 77:09:0002016:7597, по адресу: г. Москва, ул. Ижорская, вл. 6, Коровинское ш., вл. 35, площадка | G81: Мобилизация | H81: 14.07.2025-31.01.2026 | I81: =MAX(J81:P81) -> 2778838.9 | J81: 2778838.9 | R81: =SUM(S81:W81) -> 1899868.9 | S81: 1899868.9 | Z81: Подаёмся периодически
A82: 10.9 | B82: г. Москва, ул. Ижорская, вл. 6, Коровинское ш., вл. 35, 5-я оч., корп. 1.3 | D82: ИЖ-240125-ОРГстроиПл/1.3 от 25.12.2023 | E82: Объект капитального строительства,предполагаемый к размещению на земельном (-ых) участке (-ах) с кадастровым (-и) номером (- ами): 77:09:0002016:7589, по адресу: ЖК "Бусиновский парк" г. Москва, ул. Ижорская, вл. 6, Коровинское ш., вл. 35, 5-я оч., (Корпус 1.3) | F82: г. Москва, ул. Ижорская, вл. 6, Коровинское ш., вл. 35, 5-я оч., корп. 1.3 | G82: Мобилизация | H82: 25.12.2023-31.12.2026* | I82: =MAX(J82:P82) -> 18701081 | J82: 18701081 | R82: =SUM(S82:W82) -> 13605028 | S82: 13605028 | Z82: Подаёмся периодически
A83: 10.10 | B83: г. Москва, ул. Ижорская, вл. 6, Коровинское ш., вл. 35, 5-я оч., корп. 1.4 | D83: ИЖ-240125-ОРГстроиПл/1.4 от 25.12.2023 | E83: Объект капитального строительства,предполагаемый к размещению на земельном (-ых) участке (-ах) с кадастровым (-и) номером (- ами): 77:09:0002016:7589, по адресу: ЖК "Бусиновский парк" г. Москва, ул. Ижорская, вл. 6, Коровинское ш., вл. 35, 5-я оч. (Корпус 1.4) | F83: г. Москва, ул. Ижорская, вл. 6, Коровинское ш., вл. 35, 5-я оч., корп. 1.4 | G83: Мобилизация | H83: 25.12.2023-31.12.2026* | I83: =MAX(J83:P83) -> 18103248 | J83: 18103248 | R83: =SUM(S83:W83) -> 13519519 | S83: 13118484 | T83: 401034.96 | Z83: Подаёмся периодически
A84: 10.11 | B84: г. Москва, ул. Ижорская, вл. 6, Коровинское ш., вл. 35, 6-я оч., корп. 2.3 | D84: ИЖ-240125-ОРГстроиПл/2.3 от 25.12.2023 | E84: Объект капитального строительства,предполагаемый к размещению на земельном (-ых) участке (-ах) с кадастровым (-и) номером (- ами): 77:09:0002016:7591, по адресу: ЖК "Бусиновский парк", г. Москва, ул. Ижорская, вл. 6, Коровинское ш., вл. 35, 6-я оч. (Корпус 2.3) | F84: г. Москва, ул. Ижорская, вл. 6, Коровинское ш., вл. 35, 6-я оч., корп. 2.3 | G84: Мобилизация | H84: 25.12.2023-31.12.2026* | I84: =MAX(J84:P84) -> 36165872 | J84: 36165872 | R84: =SUM(S84:W84) -> 15294654 | S84: 15026104 | T84: 268549.17 | Z84: Подаёмся периодически
A85: 10.12 | B85: г. Москва, ул. Ижорская, вл. 6, Коровинское ш., вл. 35, 6-я оч., корп. 2.4 | D85: ИЖ-20240123-ОРГстрПЛ/2.4 от 25.12.2023 | E85: Объект капитального строительства,предполагаемый к размещению на земельном (-ых) участке (-ах) с кадастровым (-и) номером (- ами): 77:09:0002016:7591, по адресу: ЖК "Бусиновский парк", г. Москва, ул. Ижорская, вл. 6, Коровинское ш., вл. 35, 6-я оч. (Копус 2.4) | F85: г. Москва, ул. Ижорская, вл. 6, Коровинское ш., вл. 35, 6-я оч., корп. 2.4 | G85: Мобилизация | H85: 25.12.2023-31.12.2026* | I85: =MAX(J85:P85) -> 36072567 | J85: 36072567 | R85: =SUM(S85:W85) -> 13838034 | S85: 13838034 | Z85: Подаёмся периодически
A86: 10.13 | B86: г. Москва, ул. Ижорская, вл. 6, Коровинское ш., вл. 35, корп. 9, Школа на 1050 мест | D86: ИЖ-230718-МБ-к.9-шк от 30.06.2023 | E86: Объект капитального строительства, расположенный по адресу: г. Москва, ул. Ижорская, вл. 6, Коровинское ш., вл. 35 | F86: г. Москва, ул. Ижорская, вл. 6, Коровинское ш., вл. 35, корп. 9, Школа на 1050 мест | G86: Мобилизация | H86: 30.06.2023-31.12.2026 | I86: =MAX(J86:P86) -> 36802764 | J86: 36802764 | R86: =SUM(S86:W86) -> 31087447 | S86: 29395723 | T86: 1691723.8 | Z86: Подаёмся периодически
A87: 11 | B87: Северный Терминал | C87: ООО "ПИК-УК" | I87: =SUM(I88:I89) -> 73564276 | J87: =SUM(J88:J89) -> 73564276 | K87: =SUM(K88:K89) -> 0 | L87: =SUM(L88:L89) -> 0 | M87: =SUM(M88:M89) -> 0 | N87: =SUM(N88:N89) -> 0 | O87: =SUM(O88:O89) -> 0 | P87: =SUM(P88:P89) -> 0 | Q87: =SUM(Q88:Q89) -> 0 | R87: =SUM(S87:W87) -> 56927955 | S87: =SUM(S88:S89) -> 53648337 | T87: =SUM(T88:T89) -> 3279617.9 | U87: =SUM(U88:U89) -> 0 | V87: =SUM(V88:V89) -> 0 | W87: =SUM(W88:W89) -> 0 | X87: =SUM(X88:X89) -> 0 | Y87: Алиев Абдулагат Алиевич/ Чалишев Бехруз Муродович
A88: 11.1 | B88: г. Москва, Северный терминал, (Коровинское ш., вл. 35), площадка | D88: СТ-250213-содерж/площадка от 01.01.2025 | E88: Объекты капитального строительства, расположенные на земельном (-ых) участке (-ах) с кадастровым (-и) номером (-ами): 77:09:0002016:73, по адресу: г. Москва, Северный терминал, (Коровинское ш., вл. 35), площадка | F88: г. Москва, Северный терминал, (Коровинское ш., вл. 35), площадка | G88: Эксплуатация | H88: 01.01.2025-31.12.2026 | I88: =MAX(J88:P88) -> 28415830 | J88: 28415830 | R88: =SUM(S88:W88) -> 19057193 | S88: 17943408 | T88: 1113784.2 | Z88: Подаёмся ежемесячно
A89: 11.2 | D89: СТ-230212-Моб/площадка от 25.12.2023 | E89: Объекты капитального строительства, расположенные на земельном (-ых) участке (-ах) с кадастровым (-и) номером (-ами): 77:09:0002016:7581, по адресу: г. Москва, Северный терминал, (Коровинское ш., вл. 35), площадка | G89: Мобилизация | H89: 25.12.2023-31.10.2025 | I89: =MAX(J89:P89) -> 45148446 | J89: 45148446 | R89: =SUM(S89:W89) -> 37870763 | S89: 35704929 | T89: 2165833.8 | Z89: Подаёмся часто
A90: 12 | B90: Ютаново | C90: ООО "ПИК-УК" | I90: =SUM(I91) -> 19272949 | J90: =SUM(J91) -> 19272949 | K90: =SUM(K91) -> 0 | L90: =SUM(L91) -> 0 | M90: =SUM(M91) -> 0 | N90: =SUM(N91) -> 0 | O90: =SUM(O91) -> 0 | P90: =SUM(P91) -> 0 | Q90: =SUM(Q91) -> 0 | R90: =SUM(S90:W90) -> 16770357 | S90: =SUM(S91) -> 15519061 | T90: =SUM(T91) -> 1251296.1 | U90: =SUM(U91) -> 0 | V90: =SUM(V91) -> 0 | W90: =SUM(W91) -> 0 | X90: =SUM(X91) -> 0 | Y90: Нойков Сергей Александрович/-
A91: 12.1 | B91: г. Москва, ул. Газопровод, вл. 6Г, площадка | D91: 021396179 от 11.04.2025 | E91: Объекты капитального строительства, расположенные на земельном (-ых) участке (-ах) с кадастровым (-и) номером (-ами): 77:05:0008005:13599, по адресу: г. Москва, ул. Газопровод, вл. 6Г, площадка | F91: г. Москва, ул. Газопровод, вл. 6Г, площадка | H91: 01.04.2025-30.06.2026 | I91: =MAX(J91:P91) -> 19272949 | J91: 19272949 | R91: =SUM(S91:W91) -> 16770357 | S91: 15519061 | T91: 1251296.1 | Z91: Подаёмся ежемесячно
A92: 13 | B92: Кронштадский 11 | C92: ООО "ГЛОБАЛСТРОЙТЕХ" | I92: =I93+I94 -> 60050432 | J92: =J93+J94 -> 60050432 | K92: =K93+K94 -> 0 | L92: =L93+L94 -> 0 | M92: =M93+M94 -> 0 | N92: =N93+N94 -> 0 | O92: =O93+O94 -> 0 | P92: =P93+P94 -> 0 | Q92: =Q93+Q94 -> 0 | R92: =SUM(S92:W92) -> 33744543 | S92: =S93+S94 -> 32386679 | T92: =T93+T94 -> 1357864.3 | U92: =U93+U94 -> 0 | V92: =V93+V94 -> 0 | W92: =W93+W94 -> 0 | X92: =X93+X94 -> 0 | Y92: Алиев Абдулагат Алиевич/ Чалишев Фируз Талбакович
A93: 13.1 | B93: г. Москва, Кронштадтский б-р, вл. 11, корпус 1, стр. 1.1, 1.2, 1.3 с подземным паркингом | D93: СКАЛА-ЭКС-КР11/С1.1-1.3 от 19.03.2024 | E93: Объект капитального строительства,предполагаемый к размещению на земельном (-ых) участке (-ах) с кадастровым (-и) номером (- ами): 77:09:0001020:47, по адресу: г. Москва, Кронштадтский б-р, вл. 11 (корпус 1, стр. 1.1, 1.2, 1.3) | F93: г. Москва, Кронштадтский б-р, вл. 11, корпус 1, стр. 1.1, 1.2, 1.3 с подземным паркингом | G93: Эксплуатация | H93: 01.03.2024-30.11.2026 | I93: =MAX(J93:P93) -> 40201383 | J93: 40201383 | R93: =SUM(S93:W93) -> 23091541 | S93: 21915404 | T93: 1176137.1 | Z93: Подаёмся ежемесячно
A94: 13.2 | D94: СКАЛА-МОБ-КР11/С1.1-1.3 от 05.03.2024 | E94: Объект капитального строительства,предполагаемый к размещению на земельном (-ых) участке (-ах) с кадастровым (-и) номером (- ами): 77:09:0001020:47, по адресу: г. Москва, Кронштадтский б-р, вл. 11 (корпус 1, стр. 1.1, 1.2, 1.3) | G94: Мобилизация | H94: 04.03.2024-30.04.2026 | I94: =MAX(J94:P94) -> 19849050 | J94: 19849050 | R94: =SUM(S94:W94) -> 10653002 | S94: 10471275 | T94: 181727.17 | Z94: Подаёмся периодически
A95: 14 | B95: Строгино, 360 | C95: ООО "ПИК-МЕНЕДЖМЕНТ" | I95: =I96+I97 -> 49598078 | J95: =J96+J97 -> 46795812 | K95: =K96+K97 -> 28624346 | L95: =L96+L97 -> 0 | M95: =M96+M97 -> 0 | N95: =N96+N97 -> 0 | O95: =O96+O97 -> 0 | P95: =P96+P97 -> 0 | Q95: =Q96+Q97 -> 0 | R95: =SUM(S95:W95) -> 13612252 | S95: =S96+S97 -> 8670133.6 | T95: =T96+T97 -> 4942118.1 | U95: =U96+U97 -> 0 | V95: =V96+V97 -> 0 | W95: =W96+W97 -> 0 | X95: =X96+X97 -> 0 | Y95: Алиев Абдулагат Алиевич/ Муртузалиев Саид Багатырович
A96: 14.1 | B96: ул. Маршала Прошлякова, ПЗЗ, Площадка | D96: №022877879 от 16.01.2026 | E96: объекты капитального строительства, расположенные на земельном (-ых) участке (-ах) с кадастровым (-и) номером (-ами): 77:08:0013006:2, 77:08:0013006:4, 77:08:0013001 :24, по адресу: г. Москва, ул. Маршала Прошлякова, ПЗЗ, Площадка; | F96: ул. Маршала Прошлякова, ПЗЗ, Площадка | G96: Эксплуатация | H96: 01.01.2026-31.12.2026 | I96: =MAX(J96:P96) -> 20973732 | J96: 20973732 | R96: =SUM(S96:W96) -> 5860667.4 | S96: 4485670.7 | T96: 1374996.8 | Z96: Выполнение подаем ежемесячно
D97: №022820238 от 29.12.2025 | E97: объекты капитального строительства, расположенные на земельном (-ых) участке (-ах) с кадастровым (-и) номером (-ами): 77:08:0013006:4, по адресу: г. Москва, ул. Маршала Прошлякова. | F97: ул. Маршала Прошлякова, ПЗЗ, Площадка | G97: Мобилизация | H97: 28.11.2025- 31.05.2026 | I97: =MAX(J97:P97) -> 28624346 | J97: 25822081 | K97: 28624346 | R97: =SUM(S97:W97) -> 7751584.3 | S97: 4184463 | T97: 3567121.3 | Z97: НЗ на доп работы
A98: 15 | B98: Обручева, 27 (ТАТУМ) | C98: ООО "ПИК-УК" | I98: =I99+I100 -> 20722716 | J98: =J99+J100 -> 18624119 | K98: =K99+K100 -> 0 | L98: =L99+L100 -> 5432273.3 | M98: =M99+M100 -> 0 | N98: =N99+N100 -> 0 | O98: =O99+O100 -> 0 | P98: =P99+P100 -> 0 | Q98: =Q99+Q100 -> 0 | R98: =SUM(S98:W98) -> 7165807.7 | S98: =S99+S100 -> 3753129.3 | T98: =T99+T100 -> 3412678.4 | U98: =U99+U100 -> 0 | V98: =V99+V100 -> 0 | W98: =W99+W100 -> 0 | X98: =X99+X100 -> 0 | Y98: Бочаев Руслан Хасанович/ Клоков Андрей Альбертович
A99: 15.1 | B99: г. Москва, ул. Обручева, вл. 27, Площадка | D99: №022941730 от 01.01.2026 | E99: объекты капитального строительства, расположенные на земельном (-ых) участке (-ах) с кадастровым (-и) номером (-ами): 77:09:0002016:7597, по адресу: г. Москва, ул. Обручева, вл. 27 | F99: г. Москва, ул. Обручева, вл. 27, Площадка | G99: Эксплуатация | H99: 01.01.2026-31.12.2026 | I99: =MAX(J99:P99) -> 15290443 | J99: 15290443 | R99: =SUM(S99:W99) -> 4646939.1 | S99: 3753129.3 | T99: 893809.77 | Z99: Выполнение подаем ежемесячно
D100: №ОБРУЧСЗС2025 от 18.12.2025 г | E100: объекты капитального строительства, расположенные на земельном (-ых) участке (-ах) с кадастровым (-и) номером (-ами): 77:09:0002016:7597, по адресу: г. Москва, ул. Обручева, вл. 27 | F100: г. Москва, ул. Обручева, вл. 27, Площадка | G100: Мобилизация | H100: 28.11.2025- 31.05.2026 | I100: =MAX(J100:P100) -> 5432273.3 | J100: 3333676 | L100: 5432273.3 | R100: =SUM(S100:W100) -> 2518868.6 | S100: 0 | T100: 2518868.6 | Z100: НЗ на доп работы
...

Sheet Компенсации
A1: 1
A2: № п/п | B2: Объект | C2: Дата документа/ период (материалы) | D2: Номер | E2: Наименование | F2: Сумма компенсации | G2: Ресурс | H2: Дата получения | I2: Путь к файлу | J2: Принято/ отклонено | K2: Компенсация | L2: Ответственное лицо | M2: Способ компенсации | N2: Плановый срок получения компенсации | O2: Статус на текущую дату | P2: Дата получения компенсации | Q2: Примечание
A3: 1 | B3: Кольская, 8 | C3: 46226 | D3: 292/1-2887-И | E3: Претензия о выплате затрат на устранение недостатков | F3: 100000 | G3: Диадок | H3: 46226.45 | I3: Z:\ПТО СКАЛА\ШТРАФЫ тест\Кольская 8 | J3: Принято | K3: Предусмотрена | M3: Компенсация путем закрытия 500 м3 дополнительной уборки снега | O3: Подготовка документов в ПТО | Q3: Компенсация получена с КС №13 по договору № ??? в январе 2030г.
A4: 2 | B4: Обручева 27 | E4: Превышение стоимости закупки плит относительно сметы | F4: =60000+135000 -> 195000 | J4: Отклонено | K4: Предусмотрена | N4: октябрь 2026 | O4: Подготовка документов в ПТО
A5: 3 | B5: Зеленоград | C5: 08.2025-07.2026 | E5: Компенсация стоимости плит 2П30 и ПАГ-14 | F5: Собираем УПД для сверки | I5: Z:\ПТО СКАЛА\3. Объекты\Зеленоград ЦИЭ\6. Компенсации\Компенсация плит, июль 2026 | J5: В работе | K5: Предусмотрена | M5: Акт сверки стоимости материалов | N5: ноябрь 2026 | O5: Подготовка документов в ПТО
A6: 4 | B6: Рассказовка Ф18 к.1 | C6: 46211 | D6: 507-1585/26-ИСХ | E6: Штраф | F6: 100000 | G6: Диадок | I6: https://myabs.absgroup.ru/control/ordinance
A7: 5 | B7: Рассказовка Ф13 к.1 | C7: 46202 | D7: 507-1463/26-ИСХ | E7: ШТРАФ | F7: 50000 | G7: Диадок | H7: 46252
A8: 6 | B8: Рассказовка Ф13 к.1 | C8: 46202 | D8: 507-1469/26-ИСХ | E8: ШТРАФ | F8: 50000 | G8: Диадок | H8: 46252
A9: 7 | B9: Рассказовка Ф13 к.1 | C9: 46202 | D9: 507-1468/26-ИСХ | E9: ШТРАФ | F9: 50000 | G9: Диадок | H9: 46252
A10: 8 | B10: Рассказовка Ф13 к.1 | C10: 46202 | D10: 507-1450/26-ИСХ | E10: ШТРАФ | F10: 50000 | G10: Диадок | H10: 46252
A11: 9 | B11: Рассказовка Ф13 к.1 | C11: 46202 | D11: 507-1467/26-ИСХ | E11: ШТРАФ | F11: 50000 | G11: Диадок | H11: 46252
A12: 10 | B12: Рассказовка Ф13 к.1 | C12: 46202 | D12: 507-1459/26-ИСХ | E12: ШТРАФ | F12: 50000 | G12: Диадок | H12: 46252
A13: 11 | B13: Рассказовка Ф13 к.1 | C13: 46202 | D13: 507-1460/26-ИСХ | E13: ШТРАФ | F13: 50000 | G13: Диадок | H13: 46252

Sheet 07.26
E1: ID акта | F1: Статус согласования | G1: Вид работ | H1: Объект | I1: Заказчик | J1: Договор | K1: Плановая сумма, руб | L1: Не забрали в КС, руб | M1: Итого в КС, руб | N1: Аванс, руб. | O1: штрафы / затраты | P1: Гарант. уд., руб. | Q1: К оплате, руб. | R1: Оплатили, руб | S1: Остаток к оплате, руб. | T1: Комментарии по КС
A4: Е | E4: ИК | F4: Подписан обеими сторонами | G4: эксплуатация | H4: Амурский парк | I4: ООО "ГЛОБАЛСТРОЙТЕХ" | J4: Д17068382-АМУР от 01.06.2023 | K4: 1604208.8 | L4: =K4-M4 -> 0 | M4: =K4 -> 1604208.8 | N4: 0 | O4: 0 | P4: 0 | Q4: =M4-N4-P4 -> 1604208.8 | R4: =Q4 -> 1604208.8 | S4: =Q4-R4 -> 0
A5: Е | E5: ПИК | F5: Подписан обеими сторонами | G5: эксплуатация | H5: Амурский парк | I5: ООО "ГЛОБАЛСТРОЙТЕХ" | J5: АМУР-ДОО-СКАЛА от 12.03.2024 | K5: 597320.99 | L5: =K5-M5 -> 0 | M5: =K5 -> 597320.99 | N5: 0 | O5: 0 | P5: 0 | Q5: =M5-N5-P5 -> 597320.99 | S5: =Q5-R5 -> 597320.99
A6: Е | E6: ПИК | F6: Подписан обеими сторонами | G6: подготовительные работы | H6: Амурский парк | I6: ООО "ГЛОБАЛСТРОЙТЕХ" | J6: Д022032386-АМУР от 08.08.2025 | K6: 159409.2 | L6: =K6-M6 -> 0 | M6: =K6 -> 159409.2 | N6: 0 | O6: 0 | P6: 7970.46 | Q6: =M6-N6-P6 -> 151438.74 | R6: =Q6 -> 151438.74 | S6: =Q6-R6 -> 0
A7: Е | E7: ПИК | F7: Подписан обеими сторонами | G7: подготовительные работы | H7: Амурский парк | I7: ООО "ГЛОБАЛСТРОЙТЕХ" | J7: 21532237 от 07.05.2025 | K7: 74638.6 | L7: =K7-M7 -> 0 | M7: =K7 -> 74638.6 | N7: 0 | O7: 0 | P7: 0 | Q7: =M7-N7-P7 -> 74638.6 | R7: =Q7 -> 74638.6 | S7: =Q7-R7 -> 0
A8: Д | C8: ДОО | D8: 46227 | E8: ПИК2В | F8: Подписан обеими сторонами | G8: эксплуатация | H8: Бусиновский парк | I8: ООО "ПИК-УК" | J8: 023061794 от 18.02.2026 | K8: 455896 | L8: =K8-M8 -> 0 | M8: 455896 | N8: 0 | O8: 0 | P8: 0 | Q8: =M8-N8-P8 -> 455896 | R8: =Q8 -> 455896 | S8: =Q8-R8 -> 0
A9: Д | C9: Площадка | D9: 46231 | E9: ПИК2В | F9: Подписан обеими сторонами | G9: эксплуатация | H9: Бусиновский парк | I9: ООО "ПИК-УК" | J9: ИЖ-250225-содерж/площадка от 01.01.2025 | K9: 1198648.3 | L9: =K9-M9 -> 0 | M9: 1198648.3 | N9: 0 | O9: 0 | P9: 0 | Q9: =M9-N9-P9 -> 1198648.3 | R9: 1198648.3 | S9: =Q9-R9 -> 0
A10: Д | C10: СК отклонил без пояснений Блок 4 | D10: 46227 | E10: ПИК2В | F10: Подписан обеими сторонами | G10: эксплуатация | H10: Бусиновский парк (Реновация) | I10: ООО "ПИК-УК" | J10: БП4.1-4-4_2 от 28.11.2025 | K10: 1849986.1 | L10: =K10-M10 -> 0 | M10: =K10 -> 1849986.1 | N10: 0 | O10: 0 | P10: 0 | Q10: =M10-N10-P10 -> 1849986.1 | R10: =Q10 -> 1849986.1 | S10: =Q10-R10 -> 0
A11: Д | C11: Блок 5 | D11: 46227 | E11: ПИК2В | F11: Подписан обеими сторонами | G11: эксплуатация | H11: Бусиновский парк (Реновация) | I11: ООО "ПИК-УК" | J11: БП5.1-5.4_3 от 01.12.2025 | K11: 1818464.3 | L11: =K11-M11 -> 0 | M11: 1818464.3 | N11: 0 | O11: 0 | P11: 0 | Q11: =M11-N11-P11 -> 1818464.3 | R11: 1818464.3 | S11: =Q11-R11 -> 0
A12: Д | C12: Блок 4 | D12: 46230 | E12: ПИК2В | F12: Подписан обеими сторонами | G12: подготовительные работы | H12: Бусиновский парк (Реновация) | I12: ООО "ПИК-УК" | J12: БП4.1-4-4_1 от 25.11.2025 | K12: 3779259.6 | L12: =K12-M12 -> 0 | M12: =K12 -> 3779259.6 | N12: 759065.55 | O12: 0 | P12: 0 | Q12: =M12-N12-P12 -> 3020194.1 | R12: =Q12 -> 3020194.1 | S12: =Q12-R12 -> 0
A13: Д | C13: Блок 5 | D13: 46230 | E13: ПИК2В | F13: Подписан обеими сторонами | G13: подготовительные работы | H13: Бусиновский парк (Реновация) | I13: ООО "ПИК-УК" | J13: БП5.1-5.4_2 от 25.11.2025 | K13: 1815120.6 | L13: =K13-M13 -> 0 | M13: 1815120.6 | N13: 1020000 | O13: 0 | P13: 0 | Q13: =M13-N13-P13 -> 795120.64 | R13: 795120.64 | S13: =Q13-R13 -> 0
A14: Д | C14: 46082 | D14: 46202 | E14: ПИК2В | F14: Подписан обеими сторонами | G14: подготовительные работы | H14: Бусиновский парк | I14: ООО "ПИК-УК" | J14: ИЖ-240125-ОРГстроиПл/1.3 | K14: 186478.38 | L14: =K14-M14 -> 0 | M14: 186478.38 | N14: 0 | O14: 0 | P14: 3729.57 | Q14: =M14-N14-P14 -> 182748.81 | R14: =Q14 -> 182748.81 | S14: =Q14-R14 -> 0
A15: Д | C15: СОШ | D15: 46202 | E15: ПИК2В | F15: Подписан обеими сторонами | G15: подготовительные работы | H15: Бусиновский парк | I15: ООО "ПИК-УК" | J15: ИЖ-230718-МБ-к.9-шк от 30.06.2023 | K15: 260370 | L15: =K15-M15 -> 0 | M15: 260370 | N15: 0 | O15: 0 | P15: 0 | Q15: =M15-N15-P15 -> 260370 | R15: 260370 | S15: =Q15-R15 -> 0
A16: Д | C16: паркинг | D16: 46232 | E16: ПИК2В | F16: Подписан обеими сторонами | G16: подготовительные работы | H16: Бусиновский парк | I16: ООО "ПИК-УК" | J16: 022724054 от 18.12.2025 | K16: 1238563.4 | L16: =K16-M16 -> 0 | M16: 1238563.4 | N16: 0 | O16: 0 | P16: 0 | Q16: 1238563.4 | R16: 1238563.4 | S16: =Q16-R16 -> 0
A17: Д | D17: 46231 | E17: ПИК2В | F17: Подписан обеими сторонами | G17: эксплуатация | H17: Северный терминал | I17: ООО "ПИК-УК" | J17: СТ-250213-содерж/площадка от 01.01.2025 | K17: 2284403.2 | L17: =K17-M17 -> 0 | M17: 2284403.2 | N17: 0 | O17: 0 | P17: 0 | Q17: =M17-N17-P17 -> 2284403.2 | R17: =Q17 -> 2284403.2 | S17: =Q17-R17 -> 0
A18: Д | D18: 46231 | E18: ПИК2В | F18: Подписан обеими сторонами | G18: подготовительные работы | H18: Северный терминал | I18: ООО "ПИК-УК" | J18: СТ-230212-Моб/площадка от 25.12.2023 | K18: 120164 | L18: =K18-M18 -> 0 | M18: 120164 | N18: 0 | O18: 0 | P18: 2403.28 | Q18: =M18-N18-P18 -> 117760.72 | R18: =Q18 -> 117760.72 | S18: =Q18-R18 -> 0
A19: А | F19: Подписан обеими сторонами | G19: эксплуатация | H19: Волжский парк | I19: ООО "ПИК-МЕНЕДЖМЕНТ" | J19: ВП6.2-СКАЛА-СПС от 11.12.2024 | K19: 1259122.4 | L19: =K19-M19 -> 0 | M19: 1259122.4 | N19: 0 | O19: 0 | P19: 0 | Q19: =M19-N19-P19 -> 1259122.4 | R19: =Q19 -> 1259122.4 | S19: =Q19-R19 -> 0
A20: А | F20: Подписан обеими сторонами | G20: эксплуатация | H20: Кавказский б-р, вл. 51 | I20: ООО "ПИК-УК" | J20: КБ51-СКЛ-Экс/ДОО от 20.06.2023 | K20: 600000 | L20: =K20-M20 -> 0 | M20: =K20 -> 600000 | N20: 0 | O20: 0 | P20: 0 | Q20: =M20-N20-P20 -> 600000 | R20: =Q20 -> 600000 | S20: =Q20-R20 -> 0
A21: Е | E21: ПИК | F21: Подписан обеими сторонами | G21: эксплуатация | H21: Грин парк | I21: ООО "ПИК-МЕНЕДЖМЕНТ" | J21: Д1097444/25 от 10.03.2025 | K21: 1052620.8 | L21: =K21-M21 -> 0 | M21: =K21 -> 1052620.8 | N21: 0 | O21: 0 | P21: 0 | Q21: =M21-N21-P21 -> 1052620.8 | R21: =Q21 -> 1052620.8 | S21: =Q21-R21 -> 0
A22: М | D22: 46157 | E22: ПИК2В | F22: Подписан обеими сторонами | G22: эксплуатация | H22: Досфлота | I22: ООО "ПИК-Менеджмент" | J22: ДФ-СКАЛА-ЭКСПЛ от 09.02.2026 | K22: 1861810.2 | L22: =K22-M22 -> 0 | M22: 1861810.2 | N22: 0 | O22: 0 | P22: 0 | Q22: =M22-N22-P22 -> 1861810.2 | R22: =Q22 -> 1861810.2 | S22: =Q22-R22 -> 0
A23: М | D23: 46171 | E23: ПИК2В | F23: Подписан обеими сторонами | G23: мобилизация | H23: Досфлота | I23: ООО "ПИК-Менеджмент" | J23: 021560450 от 14.05.2025 | K23: 2819809.5 | L23: =K23-M23 -> 0 | M23: 2819809.5 | N23: 602279.06 | O23: 0 | P23: 0 | Q23: =M23-N23-P23 -> 2217530.4 | R23: =Q23 -> 2217530.4 | S23: =Q23-R23 -> 0
A24: Д | D24: 46228 | E24: ПИК2В | F24: Подписан обеими сторонами | G24: эксплуатация | H24: Зелёный парк | I24: ООО "ПИК-УК" | J24: 021324562 от 08.04.2025 | K24: 2193548.1 | L24: =K24-M24 -> 0 | M24: 2193548.1 | N24: 0 | O24: 0 | P24: 0 | Q24: =M24-N24-P24 -> 2193548.1 | R24: 2193548.1 | S24: =Q24-R24 -> 0
A25: Д | D25: 46203 | E25: ПИК2В | F25: Подписан обеими сторонами | G25: подготовительные работы | H25: Зелёный парк | I25: ООО "ПИК-УК" | J25: 021928281 от 21.07.2025 | K25: 6087305.8 | L25: =K25-M25 -> 0 | M25: 6087305.8 | N25: 5782940.5 | O25: 0 | P25: 304365.29 | Q25: =M25-N25-P25 -> -8.7311491e-10 | S25: =Q25-R25 -> -8.7311491e-10
A26: Д | D26: 46228 | E26: ПИК2В | F26: Подписан обеими сторонами | G26: эксплуатация | H26: Кронштадтский 11 | I26: ООО "ГЛОБАЛСТРОЙТЕХ" | J26: СКАЛА-ЭКС-КР11/С1.1-1.3 от 19.03.2024 | K26: 1003193 | L26: =K26-M26 -> 0 | M26: 1003193 | N26: 0 | O26: 0 | P26: 0 | Q26: =M26-N26-P26 -> 1003193 | R26: =Q26 -> 1003193 | S26: =Q26-R26 -> 0
A27: Е | E27: ПИК | F27: Подписан обеими сторонами | G27: эксплуатация | H27: Люберецкий | I27: ООО "ГП-МО" | J27: 20992060 от 06.02.2025 | K27: 1019567.6 | L27: =K27-M27 -> 0 | M27: =K27 -> 1019567.6 | N27: 0 | O27: 0 | P27: 0 | Q27: 1019567.6 | R27: =Q27 -> 1019567.6 | S27: =Q27-R27 -> 0
A28: Д | C28: Жду ответа от Бочаева к17 | D28: 46231 | E28: ПИК2В | F28: Подписан обеими сторонами | G28: эксплуатация | H28: Люблинский парк | I28: ООО "ГЛОБАЛСТРОЙТЕХ" | J28: ЛП72-17-2205-СКАЛА от 22.05.2026 | K28: 3855186 | L28: =K28-M28 -> 0 | M28: 3855186 | N28: 0 | O28: 0 | P28: 0 | Q28: =M28-N28-P28 -> 3855186 | R28: =Q28 -> 3855186 | S28: =Q28-R28 -> 0
A29: Д | C29: Жду ответа от Бочаева к19 | D29: 46231 | E29: ПИК2В | F29: Подписан обеими сторонами | G29: эксплуатация | H29: Люблинский парк | I29: ООО "ГЛОБАЛСТРОЙТЕХ" | J29: ЛП72-19-2005-СКАЛА от 20.05.2026 | K29: 3855186 | L29: =K29-M29 -> 0 | M29: 3855186 | N29: 0 | O29: 0 | P29: 0 | Q29: =M29-N29-P29 -> 3855186 | R29: =Q29 -> 3855186 | S29: =Q29-R29 -> 0
A30: Д | C30: Жду ответа от Бочаева к18-20 | D30: 46231 | E30: ПИК2В | F30: Подписан обеими сторонами | G30: эксплуатация | H30: Люблинский парк | I30: ООО "ГЛОБАЛСТРОЙТЕХ" | J30: Д1560971/26 от 26.05.2026 | K30: 7710672.1 | L30: =K30-M30 -> 0 | M30: 7710672.1 | N30: 0 | O30: 0 | P30: 0 | Q30: =M30-N30-P30 -> 7710672.1 | R30: =Q30 -> 7710672.1 | S30: =Q30-R30 -> 0
A31: Д | C31: Жду ответа от Бочаева к16ил | D31: 46231 | E31: ПИК2В | F31: Подписан обеими сторонами | G31: эксплуатация | H31: Люблинский парк | I31: ООО "ГЛОБАЛСТРОЙТЕХ" | J31: Д853011/24 от 23.09.2024 | K31: 1145892.5 | L31: =K31-M31 -> 0 | M31: 1145892.5 | N31: 0 | O31: 0 | P31: 0 | Q31: =M31-N31-P31 -> 1145892.5 | S31: =Q31-R31 -> 1145892.5
A32: Д | C32: Жду ответа от Бочаева к14ил | D32: 46167 | E32: ПИК2В | F32: Подписан обеими сторонами | G32: эксплуатация | H32: Люблинский парк | I32: ООО "ГЛОБАЛСТРОЙТЕХ" | J32: ЛП2-2Э-22.10-СКАЛА от 22.10.2025 | K32: 3418298.4 | L32: =K32-M32 -> 0 | M32: 3418298.4 | N32: 0 | O32: 0 | P32: 0 | Q32: =M32-N32-P32 -> 3418298.4 | R32: 1000000 | S32: =Q32-R32 -> 2418298.4
A33: Д | C33: к32 | D33: 46231 | E33: ПИК2В | F33: Подписан обеими сторонами | G33: эксплуатация | H33: Люблинский парк | I33: ООО "ГЛОБАЛСТРОЙТЕХ" | J33: Д798942/24 от 05.08.2024 | K33: 817490 | L33: =K33-M33 -> 0 | M33: 817490 | N33: 0 | O33: 0 | P33: 0 | Q33: =M33-N33-P33 -> 817490 | S33: =Q33-R33 -> 817490
A34: 868200.19 | C34: к33 | D34: 46231 | E34: ПИК2В | F34: Подписан обеими сторонами | G34: эксплуатация | H34: Люблинский парк | I34: ООО "ГЛОБАЛСТРОЙТЕХ" | J34: Д798825/24 от 03.08.2024 | K34: 868200.19 | L34: =K34-M34 -> 0 | M34: 868200.19 | N34: 0 | O34: 0 | P34: 0 | Q34: =M34-N34-P34 -> 868200.19 | S34: =Q34-R34 -> 868200.19
A35: Д | C35: к34 | D35: 46168 | E35: ПИК2В | F35: Подписан обеими сторонами | G35: эксплуатация | H35: Люблинский парк | I35: ООО "ГЛОБАЛСТРОЙТЕХ" | J35: Д570794/24 от 24.01.2024 | K35: 1236238.9 | L35: =K35-M35 -> 0 | M35: 1236238.9 | N35: 0 | O35: 0 | P35: 0 | Q35: =M35-N35-P35 -> 1236238.9 | S35: =Q35-R35 -> 1236238.9
A36: Д | C36: к12 | D36: 46231 | E36: ПИК2В | F36: Подписан обеими сторонами | G36: эксплуатация | H36: Люблинский парк | I36: ООО "ГЛОБАЛСТРОЙТЕХ" | J36: Д572864/24 от 08.02.2024 | K36: 1070464.9 | L36: =K36-M36 -> 0 | M36: 1070464.9 | N36: 0 | O36: 0 | P36: 0 | Q36: =M36-N36-P36 -> 1070464.9 | R36: =Q36 -> 1070464.9 | S36: =Q36-R36 -> 0
A37: Д | C37: к18-20 | D37: 46264 | E37: ПИК2В | F37: Подписан обеими сторонами | G37: подготовительные работы | H37: Люблинский парк | I37: ООО "ГЛОБАЛСТРОЙТЕХ" | J37: Д1330623/25 от 09.10.2025 | K37: 1527223.7 | L37: =K37-M37 -> 0 | M37: 1527223.7 | N37: 1527223.7 | O37: 0 | P37: 0 | Q37: =M37-N37-P37 -> 0 | S37: =Q37-R37 -> 0
A38: Д | C38: к34 | D38: 46264 | E38: ПИК2В | F38: Подписан обеими сторонами | G38: подготовительные работы | H38: Люблинский парк | I38: ООО "ГЛОБАЛСТРОЙТЕХ" | J38: Д413965/23 от 20.10.2023 | K38: 135112 | L38: =K38-M38 -> 0 | M38: 135112 | N38: 132409.76 | O38: 0 | P38: 2702.24 | Q38: =M38-N38-P38 -> 0 | S38: =Q38-R38 -> 0
A39: Д | C39: к17 | D39: 46264 | E39: ПИК2В | F39: Подписан обеими сторонами | G39: подготовительные работы | H39: Люблинский парк | I39: ООО "ГЛОБАЛСТРОЙТЕХ" | J39: Д1329441/25 от 08.10.2025 | K39: 961933 | L39: =K39-M39 -> 0 | M39: 961933 | N39: 755000 | O39: 0 | P39: 0 | Q39: =M39-N39-P39 -> 206933 | R39: =Q39 -> 206933 | S39: =Q39-R39 -> 0
A40: Д | C40: к33 | D40: 46264 | E40: ПИК2В | F40: Подписан обеими сторонами | G40: подготовительные работы | H40: Люблинский парк | I40: ООО "ГЛОБАЛСТРОЙТЕХ" | J40: Д812725/24 от 19.08.2024 | K40: 137607.88 | L40: =K40-M40 -> 0 | M40: 137607.88 | N40: 134855.72 | O40: 0 | P40: 2752.16 | Q40: =M40-N40-P40 -> 0 | S40: =Q40-R40 -> 0
A41: А | F41: Подписан обеими сторонами | G41: подготовительные работы | H41: Матвеевский парк | I41: ООО "ПИК-УК" | J41: 019346722 от 30.05.2024 | K41: 1117361.2 | L41: =K41-M41 -> 0 | M41: 1117361.2 | N41: 340997.98 | O41: 0 | P41: 22347.22 | Q41: =M41-N41-P41 -> 754016.04 | R41: 754016.04 | S41: =Q41-R41 -> 0
A42: А | F42: Подписан обеими сторонами | G42: эксплуатация | H42: Матвеевский парк | I42: ООО "ПИК-УК" | J42: 021616823 от 23.05.2025 | K42: 1552418.5 | L42: =K42-M42 -> 0 | M42: 1552418.5 | N42: 0 | O42: 0 | P42: 0 | Q42: =M42-N42-P42 -> 1552418.5 | R42: 1552418.5 | S42: =Q42-R42 -> 0
A43: А | F43: Подписан обеими сторонами | G43: эксплуатация | H43: Матвеевский парк | I43: ООО "ПИК-УК" | J43: 023532811 от 14.05.2026 | K43: 780418.3 | L43: =K43-M43 -> 0 | M43: 780418.3 | N43: 0 | O43: 0 | P43: 0 | Q43: =M43-N43-P43 -> 780418.3 | R43: 780418.3 | S43: =Q43-R43 -> 0
A44: А | F44: Подписан обеими сторонами | G44: эксплуатация | H44: Матвеевский парк | I44: ООО "ПИК-УК" | J44: 019968493 от 03.09.2024 | K44: 2797454.2 | L44: =K44-M44 -> 0 | M44: 2797454.2 | N44: 0 | O44: 0 | P44: 0 | Q44: =M44-N44-P44 -> 2797454.2 | R44: 2797454.2 | S44: =Q44-R44 -> 0
A45: А | F45: Подписан обеими сторонами | G45: эксплуатация | H45: Матвеевский парк | I45: ООО "ПИК-УК" | J45: 021963258 от 29.07.2025 | K45: 3995949.6 | L45: =K45-M45 -> 0 | M45: 3995949.6 | N45: 0 | O45: 0 | P45: 0 | Q45: =M45-N45-P45 -> 3995949.6 | R45: 3995949.6 | S45: =Q45-R45 -> 0
A46: А | F46: Подписан обеими сторонами | G46: подготовительные работы | H46: Матвеевский парк | I46: ООО "ПИК-УК" | J46: 023392699 от 17.04.2026 | K46: 2370928.2 | L46: =K46-M46 -> 0 | M46: 2370928.2 | N46: 800000 | O46: 0 | P46: 0 | Q46: =M46-N46-P46 -> 1570928.2 | R46: =Q46 -> 1570928.2 | S46: =Q46-R46 -> 0
A47: А | F47: Подписан обеими сторонами | G47: подготовительные работы | H47: Матвеевский парк | I47: ООО "ПИК-УК" | J47: 022446936 от 23.10.2025 | K47: 628969.31 | L47: =K47-M47 -> 0 | M47: 628969.31 | N47: 0 | O47: 0 | P47: 0 | Q47: =M47-N47-P47 -> 628969.31 | R47: 628969.31 | S47: =Q47-R47 -> 0
A48: А | C48: ДС!!!!!!!! 10 июля | F48: Подписан обеими сторонами | G48: подготовительные работы | H48: Матвеевский парк | I48: ООО "ПИК-УК" | J48: 021501717 от 05.05.2025 | K48: 2742907.3 | L48: =K48-M48 -> 0 | M48: 2742907.3 | N48: 0 | O48: 0 | P48: 0 | Q48: =M48-N48-P48 -> 2742907.3 | R48: 2742907.3 | S48: =Q48-R48 -> 0
A49: А | F49: Подписан обеими сторонами | G49: эксплуатация | H49: Матвеевский парк | I49: ООО "ПИК-УК" | J49: 023164846 от 11.03.2026 | K49: 1203179.4 | L49: =K49-M49 -> 0 | M49: 1203179.4 | N49: 0 | O49: 0 | P49: 0 | Q49: =M49-N49-P49 -> 1203179.4 | R49: 1203179.4 | S49: =Q49-R49 -> 0
A50: А | F50: Подписан обеими сторонами | G50: подготовительные работы | H50: Матвеевский парк | I50: ООО "ПИК-УК" | J50: 020226119 от 10.10.2024 | K50: 104545.45 | L50: =K50-M50 -> 0 | M50: 104545.45 | N50: 0 | O50: 0 | P50: 0 | Q50: =M50-N50-P50 -> 104545.45 | R50: 104545.45 | S50: =Q50-R50 -> 0
A51: А | F51: Подписан обеими сторонами | G51: эксплуатация | H51: Моментс | I51: ООО "ПИК-УК" | J51: СК/ВЛ-СДП от 01.03.2023 | K51: 3344890 | L51: =K51-M51 -> 0 | M51: =K51 -> 3344890 | N51: 0 | O51: 0 | P51: 0 | Q51: =M51-N51-P51 -> 3344890 | S51: =Q51-R51 -> 3344890
A52: Е | E52: ПИК | F52: Подписан обеими сторонами | G52: эксплуатация | H52: Обручева 27 | I52: ООО "ПИК-УК" | J52: 022941730 от 01.01.2026 | K52: 1214412.8 | L52: =K52-M52 -> 0 | M52: =K52 -> 1214412.8 | N52: 0 | O52: 0 | P52: 0 | Q52: =M52-N52-P52 -> 1214412.8 | R52: =Q52 -> 1214412.8 | S52: =Q52-R52 -> 0
A53: Е | E53: ПИК | F53: Подписан обеими сторонами | G53: подготовительные работы | H53: Обручева 27 | I53: ООО "ПИК-УК" | J53: ОБРУЧСЗС2025 от 18.12.2025 | K53: 4449116.4 | L53: =K53-M53 -> 0 | M53: =K53 -> 4449116.4 | N53: 3000000 | O53: 0 | P53: 222455.83 | Q53: =M53-N53-P53 -> 1226660.6 | R53: =Q53 -> 1226660.6 | S53: =Q53-R53 -> 0
A54: Н | C54: Эксплуатация 1, 2 корпус | D54: 46196 | E54: 36 | F54: Подписан обеими сторонами | G54: эксплуатация | H54: Первый Московский Фаза 9, 1-2 | I54: ООО "НДК" | J54: ПП/9/1-2 от 26.05.2023 | K54: 1850000 | L54: 0 | M54: 1850000 | Q54: =M54-N54-P54 -> 1850000 | R54: 1850000 | S54: =Q54-R54 -> 0
A55: Н | C55: Эксплуатация 3, 4 корпус | D55: 46231 | E55: 22 | F55: Подписан обеими сторонами | G55: эксплуатация | H55: Первый Московский Фаза 9 , 3-4 | I55: ООО "НДК" | J55: ПП/9/3-4 от 20.08.2024 | K55: 1992450 | L55: =K55-M55 -> 199245 | M55: 1793205 | O55: 139932.8 | Q55: =M55-O55 -> 1653272.2 | R55: 1653272.2 | S55: =Q55-R55 -> 0
A56: Н | C56: Эксплуатация 1 корпус | D56: 46226 | E56: 6 | F56: Подписан обеими сторонами | G56: эксплуатация | H56: Рассказовка Фаза 13 | I56: ООО "НДК" | J56: ПБ/ПП/13Ф от 21.11.2025 | K56: 1250000 | L56: =K56-M56 -> 62500 | M56: 1187500 | O56: 350000 | Q56: =M56-O56 -> 837500 | R56: 837500 | S56: =Q56-R56 -> 0
A57: Н | C57: Эксплуатация 2 корпус 3 месяца | D57: 46193 | E57: 46059 | F57: Отклонен | G57: эксплуатация | H57: Рассказовка Фаза 13 | I57: ООО "НДК" | J57: ПБ/ПП/13Ф от 21.11.2025 | K57: 3750000 | L57: =K57-M57 -> 3750000 | Q57: =M57-N57-P57 -> 0 | S57: =Q57-R57 -> 0
A58: Н | C58: 2 корпус_земля | D58: 46193 | E58: 14 | F58: Подписан обеими сторонами | G58: Подготовительные работы | H58: Рассказовка Фаза 18 | I58: ООО "НДК" | J58: ПБ/ЗЕМ/Ф18 от 05.02.2025 | K58: 4017176.1 | L58: 0 | M58: =K58 -> 4017176.1 | Q58: =K58-O58 -> 4017176.1 | R58: 4017176.1 | S58: =Q58-R58 -> 0
A59: Н | C59: Эксплуатация корпуса 1, | D59: 46198 | E59: 15 | F59: Подписан обеими сторонами | G59: эксплуатация | H59: Рассказовка Фаза 18 | I59: ООО "НДК" | J59: ПБ/ПЛОЩАДКА/Ф18 от 18.04.2025 | K59: 2630216.1 | L59: 0 | M59: 2630216.1 | O59: 100000 | Q59: =K59-O59 -> 2530216.1 | R59: 2530216.1 | S59: =Q59-R59 -> 0
A60: А | D60: 46205 | F60: Подписан обеими сторонами | G60: эксплуатация/мобилизация | H60: Первый Московский фаза 11 парковка | I60: ООО "НДК" | J60: ПМ/Ф11/Авт2/ПП от 24.03.2026 | K60: 1050000 | L60: =K60-M60 -> 0 | M60: =K60 -> 1050000 | N60: 0 | O60: 50000 | P60: 0 | Q60: =M60-N60-P60-O60 -> 1000000 | R60: 1000000 | S60: =Q60-R60 -> 0
A61: А | F61: Подписан обеими сторонами | G61: эксплуатация/мобилизация | H61: Первый Московский фаза 11 парковка | I61: ООО "НДК" | J61: ПМ/Ф11/Авт2/ПП от 24.03.2026 | K61: 1050000 | L61: =K61-M61 -> 0 | M61: =K61 -> 1050000 | N61: 0 | O61: 43272.7 | P61: 0 | Q61: =M61-N61-P61-O61 -> 1006727.3 | R61: =Q61 -> 1006727.3 | S61: =Q61-R61 -> 0
A62: А | F62: Подписан обеими сторонами | G62: эксплуатация | H62: Саларьево парк | I62: ООО "ПИК-МЕНЕДЖМЕНТ" | J62: 023191344 от 16.03.2026 | K62: 1102215.1 | L62: =K62-M62 -> 0 | M62: 1102215.1 | N62: 0 | O62: 0 | P62: 0 | Q62: =M62-N62-P62 -> 1102215.1 | R62: =Q62 -> 1102215.1 | S62: =Q62-R62 -> 0
A63: А | F63: Подписан обеими сторонами | G63: эксплуатация | H63: Саларьево парк | I63: ООО "ПИК-МЕНЕДЖМЕНТ" | J63: 022086879 от 19.08.2025 | K63: 1487004.4 | L63: =K63-M63 -> 0 | M63: 1487004.4 | N63: 0 | O63: 0 | P63: 0 | Q63: =M63-N63-P63 -> 1487004.4 | R63: =Q63 -> 1487004.4 | S63: =Q63-R63 -> 0
A64: А | F64: Подписан обеими сторонами | G64: подготовительные работы | H64: Саларьево парк | I64: ООО "ПИК-МЕНЕДЖМЕНТ" | J64: 022298241 от 29.09.2025 | K64: 478693.62 | L64: =K64-M64 -> 0 | M64: 478693.62 | N64: 478693.62 | O64: 0 | P64: 0 | Q64: =M64-N64-P64 -> 0 | R64: 0 | S64: =Q64-R64 -> 0
A65: А | F65: Подписан обеими сторонами | G65: эксплуатация | H65: Саларьево парк | I65: ООО "ПИК-МЕНЕДЖМЕНТ" | J65: 023679723 от 09.06.2026 | K65: 975146.98 | L65: =K65-M65 -> 0 | M65: 975146.98 | N65: 0 | O65: 0 | P65: 0 | Q65: =M65-N65-P65 -> 975146.98 | R65: 975146.98 | S65: =Q65-R65 -> 0 | T65: до 25.08. ориентир
A66: А | F66: Подписан обеими сторонами | G66: эксплуатация | H66: Саларьево парк | I66: ООО "ПИК-МЕНЕДЖМЕНТ" | J66: 021299329 от 24.03.2025 | K66: 1357433.2 | L66: =K66-M66 -> 0 | M66: 1357433.2 | N66: 0 | O66: 0 | P66: 0 | Q66: =M66-N66-P66 -> 1357433.2 | R66: =Q66 -> 1357433.2 | S66: =Q66-R66 -> 0
A67: А | F67: Подписан обеими сторонами | G67: эксплуатация | H67: Саларьево парк | I67: ООО "ПИК-МЕНЕДЖМЕНТ" | J67: 022427735 от 14.11.2025 | K67: 1752431.4 | L67: =K67-M67 -> 0 | M67: 1752431.4 | N67: 0 | O67: 0 | P67: 0 | Q67: =M67-N67-P67 -> 1752431.4 | R67: 1752431.4 | S67: =Q67-R67 -> 0 | T67: до 25.08. ориентир
A68: А | F68: Подписан обеими сторонами | G68: подготовительные работы | H68: Саларьево парк | I68: ООО "ПИК-МЕНЕДЖМЕНТ" | J68: 020545364 от 26.11.2024 | K68: 430432 | L68: =K68-M68 -> 0 | M68: 430432 | N68: 390000 | O68: 0 | P68: 8608.64 | Q68: =M68-N68-P68 -> 31823.36 | R68: 31823.36 | S68: =Q68-R68 -> 0 | T68: до 21.08. ориентир
A69: А | F69: Подписан обеими сторонами | G69: эксплуатация | H69: Саларьево парк | I69: ООО "ПИК-МЕНЕДЖМЕНТ" | J69: 023684716 от 10.06.2026 | K69: 1116030.2 | L69: =K69-M69 -> 0 | M69: 1116030.2 | N69: 0 | O69: 0 | P69: 0 | Q69: =M69-N69-P69 -> 1116030.2 | R69: =Q69 -> 1116030.2 | S69: =Q69-R69 -> 0
A70: А | F70: Подписан обеими сторонами | G70: подготовительные работы | H70: Саларьево парк | I70: ООО "ПИК-МЕНЕДЖМЕНТ" | J70: 022039867 от 11.08.2025 | K70: 136719.09 | L70: =K70-M70 -> 0 | M70: 136719.09 | N70: 0 | O70: 0 | P70: 0 | Q70: =M70-N70-P70 -> 136719.09 | R70: 136719.09 | S70: =Q70-R70 -> 0 | T70: до 25.08. ориентир
A71: А | F71: Подписан обеими сторонами | G71: подготовительные работы | H71: Саларьево парк | I71: ООО "ПИК-МЕНЕДЖМЕНТ" | J71: 021777580 от 20.06.2025 | K71: 55685 | L71: =K71-M71 -> 0 | M71: 55685 | N71: 0 | O71: 0 | P71: 2784.25 | Q71: =M71-N71-P71 -> 52900.75 | R71: 52900.75 | S71: =Q71-R71 -> 0 | T71: сказали оплачено, но в акте свеки нет 21.08
E72: ПИК | F72: Подписан обеими сторонами | G72: подготовительные работы | H72: Сигнальный | I72: ООО "ГЛОБАЛСТРОЙТЕХ" | J72: 016922599 от 24.05.2023 | K72: 218908.79 | L72: =K72-M72 -> 0 | M72: =K72 -> 218908.79 | N72: 0 | O72: 0 | P72: 10945.44 | Q72: =M72-N72-P72 -> 207963.35 | R72: =Q72 -> 207963.35 | S72: =Q72-R72 -> 0
A73: М | E73: ПИК | F73: Подписан обеими сторонами | G73: подготовительные работы | H73: Сигнальный | I73: ООО "ГЛОБАЛСТРОЙТЕХ" | J73: МОБИЛИЗАЦИЯ-СИГН16 от 08.04.2024 | K73: 832114.3 | L73: =K73-M73 -> 0 | M73: =K73 -> 832114.3 | N73: 0 | O73: 0 | P73: 16642.29 | Q73: =M73-N73-P73 -> 815472.01 | S73: =Q73-R73 -> 815472.01
A74: Е | E74: ПИК | F74: Подписан обеими сторонами | G74: эксплуатация | H74: Строгино | I74: ООО "ПИК-МЕНЕДЖМЕНТ" | J74: 022877879 от 16.01.2026 | K74: 1374996.8 | L74: =K74-M74 -> 0 | M74: =K74 -> 1374996.8 | N74: 0 | O74: 0 | P74: 0 | Q74: =M74-N74-P74 -> 1374996.8 | R74: 1374996.8 | S74: =Q74-R74 -> 0
A75: Е | E75: ПИК | F75: Подписан обеими сторонами | G75: подготовительные работы | H75: Строгино | I75: ООО "ПИК-МЕНЕДЖМЕНТ" | J75: 022820238 от 29.12.2025 | K75: 4979233.1 | L75: =K75-M75 -> 0 | M75: =K75 -> 4979233.1 | N75: 0 | O75: 0 | P75: 248961.65 | Q75: =M75-N75-P75 -> 4730271.5 | S75: =Q75-R75 -> 4730271.5
A76: А | F76: Подписан обеими сторонами | G76: эксплуатация | H76: Часовая | I76: ООО "ПИК-УК" | J76: ЧСВ-СКАЛА-ЭКСПЛ от 10.03.2025 | K76: 2178113.7 | L76: =K76-M76 -> 0 | M76: 2178113.7 | N76: 0 | O76: 0 | P76: 0 | Q76: =M76-N76-P76 -> 2178113.7 | R76: 2178113.7 | S76: =Q76-R76 -> 0
A77: А | F77: Подписан обеими сторонами | G77: подготовительные работы | H77: Часовая | I77: ООО "ПИК-УК" | J77: ЧСВ-СКАЛА-МОБ от 20.06.2025 | K77: 4247889.5 | L77: =K77-M77 -> 0 | M77: 4247889.5 | N77: 1882200 | O77: 0 | P77: 0 | Q77: =M77-N77-P77 -> 2365689.5 | R77: =Q77 -> 2365689.5 | S77: =Q77-R77 -> 0
A78: исполнитель | B78: подано
G79: ПОДАНО КС
G80: ОБЩЕЕ | K80: =SUM(K4:K79) -> 1.2869485e+08 | L80: =SUM(L4:L78) -> 4011745 | M80: =SUM(M4:M78) -> 1.2468311e+08 | N80: =SUM(N4:N78) -> 17605666 | P80: =SUM(P4:P78) -> 856668.32 | Q80: =SUM(Q4:Q78) -> 105537570 | R80: =SUM(R4:R78) -> 89563496 | S80: =SUM(S4:S78) -> 15974074
G81: ЗЕМЛЯНЫЕ РАБОТЫ | K81: =SUMIF($G$4:$G$78,"*земляные работы*",K4:K78) -> 0 | L81: =SUMIF($G$4:$G$78,"*земляные работы*",L4:L78) -> 0 | M81: =SUMIF($G$4:$G$78,"*земляные работы*",M4:M78) -> 0 | N81: =SUMIF($G$4:$G$78,"*земляные работы*",N4:N78) -> 0 | P81: =SUMIF($G$4:$G$78,"*земляные работы*",P4:P78) -> 0 | Q81: =SUMIF($G$4:$G$78,"*земляные работы*",Q4:Q78) -> 0 | R81: =SUMIF($G$4:$G$78,"*земляные работы*",R4:R78) -> 0 | S81: =SUMIF($G$4:$G$78,"*земляные работы*",S4:S78) -> 0
G82: ПОДГОТОВИТЕЛЬНЫЕ РАБОТЫ | K82: =SUMIF($G$4:$G$78,"*подготовительные работы*",K4:K78) -> 43293866 | L82: =SUMIF($G$4:$G$78,"*подготовительные работы*",L4:L78) -> 0 | M82: =SUMIF($G$4:$G$78,"*подготовительные работы*",M4:M78) -> 43293866 | N82: =SUMIF($G$4:$G$78,"*подготовительные работы*",N4:N78) -> 17003387 | P82: =SUMIF($G$4:$G$78,"*подготовительные работы*",P4:P78) -> 856668.32 | Q82: =SUMIF($G$4:$G$78,"*подготовительные работы*",Q4:Q78) -> 25433810 | R82: =SUMIF($G$4:$G$78,"*подготовительные работы*",R4:R78) -> 19888067 | S82: =SUMIF($G$4:$G$78,"*подготовительные работы*",S4:S78) -> 5545743.5
G83: ЭКСПЛУАТАЦИЯ | K83: =SUMIF($G$4:$G$78,"*эксплуатация*",K4:K78) -> 82581180 | L83: =SUMIF($G$4:$G$78,"*эксплуатация*",L4:L78) -> 4011745 | M83: =SUMIF($G$4:$G$78,"*эксплуатация*",M4:M78) -> 78569435 | N83: =SUMIF($G$4:$G$78,"*эксплуатация*",N4:N78) -> 0 | P83: =SUMIF($G$4:$G$78,"*эксплуатация*",P4:P78) -> 0 | Q83: =SUMIF($G$4:$G$78,"*эксплуатация*",Q4:Q78) -> 77886229 | R83: =SUMIF($G$4:$G$78,"*эксплуатация*",R4:R78) -> 67457898 | S83: =SUMIF($G$4:$G$78,"*эксплуатация*",S4:S78) -> 10428331
G84: ВОДОПОНИЖЕНИЕ | K84: =SUMIF($G$4:$G$78,"*водопонижение*",K4:K78) -> 0 | L84: =SUMIF($G$4:$G$78,"*водопонижение*",L4:L78) -> 0 | M84: =SUMIF($G$4:$G$78,"*водопонижение*",M4:M78) -> 0 | N84: =SUMIF($G$4:$G$78,"*водопонижение*",N4:N78) -> 0 | P84: =SUMIF($G$4:$G$78,"*водопонижение*",P4:P78) -> 0 | Q84: =SUMIF($G$4:$G$78,"*водопонижение*",Q4:Q78) -> 0 | R84: =SUMIF($G$4:$G$78,"*водопонижение*",R4:R78) -> 0 | S84: =SUMIF($G$4:$G$78,"*водопонижение*",S4:S78) -> 0
G85: ЭЛЕКТРОМОНТАЖНЫЕ РАБОТЫ | K85: =SUMIF($G$4:$G$78,"*электромонтажные работы*",K4:K78) -> 0 | L85: =SUMIF($G$4:$G$78,"*электромонтажные работы*",L4:L78) -> 0 | M85: =SUMIF($G$4:$G$78,"*электромонтажные работы*",M4:M78) -> 0 | N85: =SUMIF($G$4:$G$78,"*электромонтажные работы*",N4:N78) -> 0 | P85: =SUMIF($G$4:$G$78,"*электромонтажные работы*",P4:P78) -> 0 | Q85: =SUMIF($G$4:$G$78,"*электромонтажные работы*",Q4:Q78) -> 0 | R85: =SUMIF($G$4:$G$78,"*электромонтажные работы*",R4:R78) -> 0 | S85: =SUMIF($G$4:$G$78,"*электромонтажные работы*",S4:S78) -> 0
G86: ПО СТАТУСУ КС
G87: На согласовании СК | K87: =SUMIF($F$4:$F$78,"На согласовании СК",K4:K78) -> 0 | L87: =SUMIF($F$4:$F$78,"На согласовании СК",L4:L78) -> 0 | M87: =SUMIF($F$4:$F$78,"На согласовании СК",M4:M78) -> 0 | N87: =SUMIF($F$4:$F$78,"На согласовании СК",N4:N78) -> 0 | P87: =SUMIF($F$4:$F$78,"На согласовании СК",P4:P78) -> 0 | Q87: =SUMIF($F$4:$F$78,"На согласовании СК",Q4:Q78) -> 0 | R87: =SUMIF($F$4:$F$78,"На согласовании СК",R4:R78) -> 0 | S87: =SUMIF($F$4:$F$78,"На согласовании СК",S4:S78) -> 0
G88: На согласовании ДС | K88: =SUMIF($F$4:$F$78,"На согласовании ДС",K4:K78) -> 0 | L88: =SUMIF($F$4:$F$78,"На согласовании ДС",L4:L78) -> 0 | M88: =SUMIF($F$4:$F$78,"На согласовании ДС",M4:M78) -> 0 | N88: =SUMIF($F$4:$F$78,"На согласовании ДС",N4:N78) -> 0 | P88: =SUMIF($F$4:$F$78,"На согласовании ДС",P4:P78) -> 0 | Q88: =SUMIF($F$4:$F$78,"На согласовании ДС",Q4:Q78) -> 0 | R88: =SUMIF($F$4:$F$78,"На согласовании ДС",R4:R78) -> 0 | S88: =SUMIF($F$4:$F$78,"На согласовании ДС",S4:S78) -> 0
G89: Ожидается подпись контрагента (бумага, диадок) | K89: =SUMIF($F$4:$F$78,"ожидается подпись контрагента",K4:K78) -> 0 | L89: =SUMIF($F$4:$F$78,"ожидается подпись контрагента",L4:L78) -> 0 | M89: =SUMIF($F$4:$F$78,"ожидается подпись контрагента",M4:M78) -> 0 | N89: =SUMIF($F$4:$F$78,"ожидается подпись контрагента",N4:N78) -> 0 | P89: =SUMIF($F$4:$F$78,"ожидается подпись контрагента",P4:P78) -> 0 | Q89: =SUMIF($F$4:$F$78,"ожидается подпись контрагента",Q4:Q78) -> 0 | R89: =SUMIF($F$4:$F$78,"ожидается подпись контрагента",R4:R78) -> 0 | S89: =SUMIF($F$4:$F$78,"ожидается подпись контрагента",S4:S78) -> 0
G90: На согласовании подрядчика | K90: =SUMIF($F$4:$F$78,"На согласовании подрядчика",K4:K78) -> 0 | L90: =SUMIF($F$4:$F$78,"На согласовании подрядчика",L4:L78) -> 0 | M90: =SUMIF($F$4:$F$78,"На согласовании подрядчика",M4:M78) -> 0 | N90: =SUMIF($F$4:$F$78,"На согласовании подрядчика",N4:N78) -> 0 | P90: =SUMIF($F$4:$F$78,"На согласовании подрядчика",P4:P78) -> 0 | Q90: =SUMIF($F$4:$F$78,"На согласовании подрядчика",Q4:Q78) -> 0 | R90: =SUMIF($F$4:$F$78,"На согласовании подрядчика",R4:R78) -> 0 | S90: =SUMIF($F$4:$F$78,"На согласовании подрядчика",S4:S78) -> 0
G91: Согласован | K91: =SUMIF($F$4:$F$78,"согласован",K4:K78) -> 0 | L91: =SUMIF($F$4:$F$78,"согласован",L4:L78) -> 0 | M91: =SUMIF($F$4:$F$78,"согласован",M4:M78) -> 0 | N91: =SUMIF($F$4:$F$78,"согласован",N4:N78) -> 0 | P91: =SUMIF($F$4:$F$78,"согласован",P4:P78) -> 0 | Q91: =SUMIF($F$4:$F$78,"согласован",Q4:Q78) -> 0 | R91: =SUMIF($F$4:$F$78,"согласован",R4:R78) -> 0 | S91: =SUMIF($F$4:$F$78,"согласован",S4:S78) -> 0
G92: На подписании подрядчика | K92: =SUMIF($F$4:$F$78,"На подписании подрядчика",K4:K78) -> 0 | L92: =SUMIF($F$4:$F$78,"На подписании подрядчика",L4:L78) -> 0 | M92: =SUMIF($F$4:$F$78,"На подписании подрядчика",M4:M78) -> 0 | N92: =SUMIF($F$4:$F$78,"На подписании подрядчика",N4:N78) -> 0 | P92: =SUMIF($F$4:$F$78,"На подписании подрядчика",P4:P78) -> 0 | Q92: =SUMIF($F$4:$F$78,"На подписании подрядчика",Q4:Q78) -> 0 | R92: =SUMIF($F$4:$F$78,"На подписании подрядчика",R4:R78) -> 0 | S92: =SUMIF($F$4:$F$78,"На подписании подрядчика",S4:S78) -> 0
G93: Подписан подрядчиком | K93: =SUMIF($F$4:$F$78,"Подписан подрядчиком",K4:K78) -> 0 | L93: =SUMIF($F$4:$F$78,"Подписан подрядчиком",L4:L78) -> 0 | M93: =SUMIF($F$4:$F$78,"Подписан подрядчиком",M4:M78) -> 0 | N93: =SUMIF($F$4:$F$78,"Подписан подрядчиком",N4:N78) -> 0 | P93: =SUMIF($F$4:$F$78,"Подписан подрядчиком",P4:P78) -> 0 | Q93: =SUMIF($F$4:$F$78,"Подписан подрядчиком",Q4:Q78) -> 0 | R93: =SUMIF($F$4:$F$78,"Подписан подрядчиком",R4:R78) -> 0 | S93: =SUMIF($F$4:$F$78,"Подписан подрядчиком",S4:S78) -> 0
G94: Подписан обеими сторонами | K94: =SUMIF($F$4:$F$78,"Подписан обеими сторонами",K4:K78) -> 1.2494485e+08 | L94: =SUMIF($F$4:$F$78,"Подписан обеими сторонами",L4:L78) -> 261745 | M94: =SUMIF($F$4:$F$78,"Подписан обеими сторонами",M4:M78) -> 1.2468311e+08 | N94: =SUMIF($F$4:$F$78,"Подписан обеими сторонами",N4:N78) -> 17605666 | P94: =SUMIF($F$4:$F$78,"Подписан обеими сторонами",P4:P78) -> 856668.32 | Q94: =SUMIF($F$4:$F$78,"Подписан обеими сторонами",Q4:Q78) -> 105537570 | R94: =SUMIF($F$4:$F$78,"Подписан обеими сторонами",R4:R78) -> 89563496 | S94: =SUMIF($F$4:$F$78,"Подписан обеими сторонами",S4:S78) -> 15974074
G95: Ведутся работы | K95: =SUMIF($F$4:$F$78,"ведутся работы",K4:K78) -> 0 | L95: =SUMIF($F$4:$F$78,"ведутся работы",L4:L78) -> 0 | M95: =SUMIF($F$4:$F$78,"ведутся работы",M4:M78) -> 0 | N95: =SUMIF($F$4:$F$78,"ведутся работы",N4:N78) -> 0 | P95: =SUMIF($F$4:$F$78,"ведутся работы",P4:P78) -> 0 | Q95: =SUMIF($F$4:$F$78,"ведутся работы",Q4:Q78) -> 0 | R95: =SUMIF($F$4:$F$78,"ведутся работы",R4:R78) -> 0 | S95: =SUMIF($F$4:$F$78,"ведутся работы",S4:S78) -> 0
G96: Сформирован | K96: =SUMIF($F$4:$F$78,"сформирован",K4:K78) -> 0 | L96: =SUMIF($F$4:$F$78,"сформирован",L4:L78) -> 0 | M96: =SUMIF($F$4:$F$78,"сформирован",M4:M78) -> 0 | N96: =SUMIF($F$4:$F$78,"сформирован",N4:N78) -> 0 | P96: =SUMIF($F$4:$F$78,"сформирован",P4:P78) -> 0 | Q96: =SUMIF($F$4:$F$78,"сформирован",Q4:Q78) -> 0 | R96: =SUMIF($F$4:$F$78,"сформирован",R4:R78) -> 0 | S96: =SUMIF($F$4:$F$78,"сформирован",S4:S78) -> 0
G97: Удален | K97: =SUMIF($F$4:$F$78,"Удален",K4:K78) -> 0 | L97: =SUMIF($F$4:$F$78,"Удален",L4:L78) -> 0 | M97: =SUMIF($F$4:$F$78,"Удален",M4:M78) -> 0 | N97: =SUMIF($F$4:$F$78,"Удален",N4:N78) -> 0 | P97: =SUMIF($F$4:$F$78,"Удален",P4:P78) -> 0 | Q97: =SUMIF($F$4:$F$78,"Удален",Q4:Q78) -> 0 | R97: =SUMIF($F$4:$F$78,"Удален",R4:R78) -> 0 | S97: =SUMIF($F$4:$F$78,"Удален",S4:S78) -> 0
G98: Отклонен | K98: =SUMIF($F$4:$F$78,"Отклонен",K4:K78) -> 3750000 | L98: =SUMIF($F$4:$F$78,"Отклонен",L4:L78) -> 3750000 | M98: =SUMIF($F$4:$F$78,"Отклонен",M4:M78) -> 0 | N98: =SUMIF($F$4:$F$78,"Отклонен",N4:N78) -> 0 | P98: =SUMIF($F$4:$F$78,"Отклонен",P4:P78) -> 0 | Q98: =SUMIF($F$4:$F$78,"Отклонен",Q4:Q78) -> 0 | R98: =SUMIF($F$4:$F$78,"Отклонен",R4:R78) -> 0 | S98: =SUMIF($F$4:$F$78,"Отклонен",S4:S78) -> 0

Sheet 08.26
E1: ID акта | F1: Статус согласования | G1: Вид работ | H1: Объект | I1: Заказчик | J1: Договор | K1: Плановая сумма, руб | L1: Не забрали в КС, руб | M1: Итого в КС, руб | N1: Аванс, руб. | O1: штрафы / затраты | P1: Гарант. уд., руб. | Q1: К оплате, руб. | R1: Оплатили, руб | S1: Остаток к оплате, руб. | T1: Комментарии по КС
A4: Е | E4: ПИК | F4: Подписан обеими сторонами | G4: эксплуатация | H4: Амурский парк | I4: ООО "ГЛОБАЛСТРОЙТЕХ" | J4: Д17068382-АМУР от 01.06.2023 | K4: 1604208.8 | L4: =K4-M4 -> 0 | M4: 1604208.8 | Q4: =M4-N4-P4 -> 1604208.8 | S4: =Q4-R4 -> 1604208.8
A5: Е | E5: ПИК | F5: Подписан обеими сторонами | G5: эксплуатация | H5: Амурский парк | I5: ООО "ГЛОБАЛСТРОЙТЕХ" | J5: АМУР-ДОО-СКАЛА от 12.03.2024 | K5: 1179960.8 | L5: =K5-M5 -> 0 | M5: 1179960.8 | Q5: =M5-N5-P5 -> 1179960.8 | S5: =Q5-R5 -> 1179960.8
A6: Е | E6: ПИК | F6: Подписан обеими сторонами | G6: подготовительные работы | H6: Амурский парк | I6: ООО "ГЛОБАЛСТРОЙТЕХ" | J6: Д022032386-АМУР от 08.08.2025 | K6: 77066.5 | L6: =K6-M6 -> 0 | M6: 77066.5 | P6: 3853.33 | Q6: =M6-N6-P6 -> 73213.17 | S6: =Q6-R6 -> 73213.17
A7: Е | C7: Подаем через диадок | F7: Подписан обеими сторонами | G7: подготовительные работы | H7: Амурский парк | I7: ООО "ГЛОБАЛСТРОЙТЕХ" | J7: Д022031645-АМУР от 08.08.2025 | K7: 1443252.7 | L7: =K7-M7 -> 0 | M7: 1443252.7 | N7: 1371090.1 | P7: 72162.63 | Q7: =M7-N7-P7 -> -1.1641532e-10 | S7: =Q7-R7 -> -1.1641532e-10
A8: Е | E8: ПИК | F8: Подписан обеими сторонами | G8: подготовительные работы | H8: Амурский парк | I8: ООО "ГЛОБАЛСТРОЙТЕХ" | J8: Д403755/23-АМУР от 13.10.2023 | K8: 205267.24 | L8: =K8-M8 -> 0 | M8: 205267.24 | Q8: =M8-N8-P8 -> 205267.24 | S8: =Q8-R8 -> 205267.24
A9: Е | E9: ПИК | F9: Подписан обеими сторонами | G9: эксплуатация | H9: Большая Академическая | I9: ООО "ПИК-УК" | J9: БА85-СКАЛ-2204 от 22.04.2024 | K9: 2413280.4 | L9: =K9-M9 -> 0 | M9: =K9 -> 2413280.4 | Q9: =M9-N9-P9 -> 2413280.4 | S9: =Q9-R9 -> 2413280.4
A10: Д | C10: ДОО | D10: 46258 | E10: ПИК2В | F10: Подписан обеими сторонами | G10: эксплуатация | H10: Бусиновский парк | I10: ООО "ПИК-УК" | J10: 023061794 от 18.02.2026 | K10: 455896 | L10: =K10-M10 -> 0 | M10: 455896 | N10: 0 | O10: 0 | P10: 0 | Q10: =M10-N10-P10 -> 455896 | R10: =Q10 -> 455896 | S10: =Q10-R10 -> 0
A11: Д | C11: Площадка | D11: 46258 | E11: ПИК2В | F11: Подписан обеими сторонами | G11: эксплуатация | H11: Бусиновский парк | I11: ООО "ПИК-УК" | J11: ИЖ-250225-содерж/площадка от 01.01.2025 | K11: 1198648.3 | L11: =K11-M11 -> 0 | M11: 1198648.3 | N11: 0 | O11: 0 | P11: 0 | Q11: =M11-N11-P11 -> 1198648.3 | R11: 1198648.3 | S11: =Q11-R11 -> 0
A12: Д | B12: СК отклонил без пояснений | C12: Блок 4 | D12: 46258 | E12: ПИК2В | F12: Подписан обеими сторонами | G12: эксплуатация | H12: Бусиновский парк (Реновация) | I12: ООО "ПИК-УК" | J12: БП4.1-4-4_2 от 28.11.2025 | K12: 1180492.6 | L12: =K12-M12 -> 0 | M12: 1180492.6 | N12: 0 | O12: 0 | P12: 0 | Q12: =M12-N12-P12 -> 1180492.6 | R12: =Q12 -> 1180492.6 | S12: =Q12-R12 -> 0
A13: Д | C13: Блок 5 | D13: 46258 | E13: ПИК2В | F13: Подписан обеими сторонами | G13: эксплуатация | H13: Бусиновский парк (Реновация) | I13: ООО "ПИК-УК" | J13: БП5.1-5.4_3 от 01.12.2025 | K13: 1148970.8 | L13: =K13-M13 -> 0 | M13: 1148970.8 | N13: 0 | O13: 0 | P13: 0 | Q13: =M13-N13-P13 -> 1148970.8 | R13: =Q13 -> 1148970.8 | S13: =Q13-R13 -> 0
A14: Д | C14: Блок 5 | D14: 46259 | E14: ПИК2В | F14: Подписан обеими сторонами | G14: подготовительные работы | H14: Бусиновский парк (Реновация) | I14: ООО "ПИК-УК" | J14: БП5.1-5.4_2 от 25.11.2025 | K14: 2215418.1 | L14: =K14-M14 -> 0 | M14: =K14 -> 2215418.1 | N14: 0 | O14: 0 | P14: 0 | Q14: =M14-N14-P14 -> 2215418.1 | R14: 2215418.1 | S14: =Q14-R14 -> 0
A15: Д | B15: СК отклонил с комментом, что нет ИГС, когда она есть | C15: Блок 5 (РВР) | D15: 46259 | E15: ПИК2В | F15: Подписан обеими сторонами | G15: подготовительные работы | H15: Бусиновский парк (Реновация) | I15: ООО "ПИК-УК" | J15: БП5.1-5.4_4 от 21.07.2026 | K15: 1274000 | L15: =K15-M15 -> 0 | M15: 1274000 | N15: 0 | O15: 0 | P15: 25480 | Q15: =M15-N15-P15 -> 1248520 | R15: 1248520 | S15: =Q15-R15 -> 0
A16: Д | D16: 46258 | E16: ПИК2В | F16: Подписан обеими сторонами | G16: эксплуатация | H16: Северный терминал | I16: ООО "ПИК-УК" | J16: СТ-250213-содерж/площадка от 01.01.2025 | K16: 1113784.2 | L16: =K16-M16 -> 0 | M16: 1113784.2 | N16: 0 | O16: 0 | P16: 0 | Q16: =M16-N16-P16 -> 1113784.2 | R16: 1113784.2 | S16: =Q16-R16 -> 0
A17: Д | D17: 46260 | E17: ПИК2В | F17: Подписан обеими сторонами | G17: подготовительные работы | H17: Северный терминал | I17: ООО "ПИК-УК" | J17: СТ-230212-Моб/площадка от 25.12.2023 | K17: 618826.43 | L17: =K17-M17 -> 0 | M17: 618826.43 | N17: 0 | O17: 0 | P17: 12376.53 | Q17: =M17-N17-P17 -> 606449.9 | R17: 606449.9 | S17: =Q17-R17 -> 0
A18: Д | B18: СК отклонил с комментом, что работы не выполнены | C18: 46083 | D18: 46260 | E18: ПИК2В | F18: Подписан обеими сторонами | G18: подготовительные работы | H18: Бусиновский парк | I18: ООО "ПИК-УК" | J18: ИЖ-240125-ОРГстроиПл/2.3 от 25.12.2023 | K18: 826642.58 | L18: =K18-M18 -> 0 | M18: =K18 -> 826642.58 | N18: 0 | O18: 0 | P18: 16532.85 | Q18: =M18-N18-P18 -> 810109.73 | R18: 810109.73 | S18: =Q18-R18 -> 0
A19: Д | C19: Площадка по НЗ | D19: 46260 | E19: ПИК2В | F19: Подписан обеими сторонами | G19: подготовительные работы | H19: Бусиновский парк | I19: ООО "ПИК-УК" | J19: 024112230 от 21.08.2026 | K19: 3568535.7 | L19: =K19-M19 -> 0 | M19: 3568535.7 | N19: 0 | O19: 0 | P19: 0 | Q19: =M19-N19-P19 -> 3568535.7 | R19: 3568535.7 | S19: =Q19-R19 -> 0
A20: А | F20: Подписан обеими сторонами | G20: эксплуатация | H20: Волжский парк | I20: ООО "ПИК-МЕНЕДЖМЕНТ" | J20: ВП6.2-СКАЛА-СПС от 11.12.2024 | K20: 1259122.4 | L20: =K20-M20 -> 0 | M20: 1259122.4 | N20: 0 | O20: 0 | P20: 0 | Q20: =M20-N20-P20 -> 1259122.4 | R20: 1259122.4 | S20: =Q20-R20 -> 0
A21: А | C21: в диадоке напрямую | F21: Подписан обеими сторонами | G21: подготовительные работы | H21: Волжский парк | I21: ООО "ПИК-МЕНЕДЖМЕНТ" | J21: В5-СП-СК от 06.10.2022 | K21: 1343150.1 | L21: =K21-M21 -> 0 | M21: 1343150.1 | N21: 0 | O21: 0 | P21: 67157.5 | Q21: =M21-N21-P21 -> 1275992.6 | R21: =Q21 -> 1275992.6 | S21: =Q21-R21 -> 0
A22: А | F22: Подписан обеими сторонами | G22: эксплуатация | H22: Кавказский б-р, вл. 51 | I22: ООО "ПИК-УК" | J22: КБ51-СКЛ-Экс/ДОО от 20.06.2023 | K22: 1090000 | L22: =K22-M22 -> 0 | M22: 1090000 | Q22: =M22-N22-P22 -> 1090000 | S22: =Q22-R22 -> 1090000
A23: Е | E23: ПИК | F23: Подписан обеими сторонами | G23: подготовительные работы | H23: Грин парк | I23: ООО "ПИК-МЕНЕДЖМЕНТ" | J23: 022286388 от 10.10.2025 | K23: 813841.86 | L23: =K23-M23 -> 0 | M23: 813841.86 | N23: =M23 -> 813841.86 | O23: 0 | P23: 0 | Q23: =M23-N23-P23 -> 0 | S23: =Q23-R23 -> 0
A24: Е | E24: ПИК | F24: Подписан обеими сторонами | G24: эксплуатация | H24: Грин парк | I24: ООО "ПИК-МЕНЕДЖМЕНТ" | J24: Д1097444/25 от 10.03.2025 | K24: 1212922.3 | L24: =K24-M24 -> 0 | M24: 1212922.3 | Q24: =M24-N24-P24 -> 1212922.3 | R24: =Q24 -> 1212922.3 | S24: =Q24-R24 -> 0
A25: М | E25: ПИК2В | F25: Подписан обеими сторонами | G25: эксплуатация | H25: Досфлота | I25: ООО "ПИК-Менеджмент" | J25: ДФ-СКАЛА-ЭКСПЛ от 09.02.2026 | K25: 4125518.2 | L25: =K25-M25 -> 0 | M25: 4125518.2 | N25: 0 | O25: 0 | P25: 0 | Q25: =M25-N25-P25 -> 4125518.2 | R25: =Q25 -> 4125518.2 | S25: =Q25-R25 -> 0
A26: М | E26: ПИК2В | F26: Подписан обеими сторонами | G26: мобилизация | H26: Досфлота | I26: ООО "ПИК-Менеджмент" | J26: 021560450 от 14.05.2025 | K26: 3835834.7 | L26: =K26-M26 -> 0 | M26: 3835834.7 | N26: 3604998.7 | O26: 0 | P26: 0 | Q26: =M26-N26-P26 -> 230835.93 | R26: 230835.93 | S26: =Q26-R26 -> -2.910383e-10
A27: Д | D27: 46258 | E27: ПИК2В | F27: Подписан обеими сторонами | G27: эксплуатация | H27: Зелёный парк | I27: ООО "ПИК-УК" | J27: 021324562 от 08.04.2025 | K27: 2193548.1 | L27: =K27-M27 -> 0 | M27: 2193548.1 | N27: 0 | O27: 0 | P27: 0 | Q27: =M27-N27-P27 -> 2193548.1 | R27: 2193548.1 | S27: =Q27-R27 -> 0
A28: Д | D28: 46260 | E28: ПИК2В | F28: Подписан обеими сторонами | G28: подготовительные работы | H28: Зелёный парк | I28: ООО "ПИК-УК" | J28: 021928281 от 21.07.2025 | K28: 2419082.6 | L28: =K28-M28 -> 0 | M28: 2419082.6 | N28: 2298128.5 | O28: 0 | P28: 120954.13 | Q28: =M28-N28-P28 -> -1.1641532e-10 | S28: =Q28-R28 -> -1.1641532e-10
A29: Д | D29: 46258 | E29: ПИК2В | F29: Подписан обеими сторонами | G29: эксплуатация | H29: Кронштадтский 11 | I29: ООО "ГЛОБАЛСТРОЙТЕХ" | J29: СКАЛА-ЭКС-КР11/С1.1-1.3 от 19.03.2024 | K29: 842891.48 | L29: =K29-M29 -> 0 | M29: 842891.48 | N29: 0 | O29: 0 | P29: 0 | Q29: =M29-N29-P29 -> 842891.48 | S29: =Q29-R29 -> 842891.48
A30: Е | E30: ПИК | F30: Подписан обеими сторонами | G30: подготовительные работы | H30: КИН (Ленингадское шоссе) | I30: ООО "ПИК-УК" | J30: Скала_25_моб от 24.02.2025 | K30: 2621909.5 | L30: 0 | M30: 2621909.5 | P30: 52438.19 | Q30: =M30-N30-P30 -> 2569471.3 | S30: =Q30-R30 -> 2569471.3
A31: Д | C31: к16ил | D31: 46258 | E31: ПИК2В | F31: Подписан обеими сторонами | G31: эксплуатация | H31: Люблинский парк | I31: ООО "ГЛОБАЛСТРОЙТЕХ" | J31: Д853011/24 от 23.09.2024 | K31: 828632.49 | L31: =K31-M31 -> 0 | M31: 828632.49 | N31: 0 | O31: 0 | P31: 0 | Q31: =M31-N31-P31 -> 828632.49 | S31: =Q31-R31 -> 828632.49
A32: Д | C32: к14ил | D32: 46258 | E32: ПИК2В | F32: Подписан обеими сторонами | G32: эксплуатация | H32: Люблинский парк | I32: ООО "ГЛОБАЛСТРОЙТЕХ" | J32: ЛП2-2Э-22.10-СКАЛА от 22.10.2025 | K32: 989332.7 | L32: =K32-M32 -> 0 | M32: 989332.7 | N32: 0 | O32: 0 | P32: 0 | Q32: =M32-N32-P32 -> 989332.7 | S32: =Q32-R32 -> 989332.7
A33: Д | C33: к33 | D33: 46258 | E33: ПИК2В | F33: Подписан обеими сторонами | G33: эксплуатация | H33: Люблинский парк | I33: ООО "ГЛОБАЛСТРОЙТЕХ" | J33: Д798825/24 от 03.08.2024 | K33: 868200.19 | L33: =K33-M33 -> 0 | M33: 868200.19 | N33: 0 | O33: 0 | P33: 0 | Q33: =M33-N33-P33 -> 868200.19 | S33: =Q33-R33 -> 868200.19
A34: Д | C34: к34 | D34: 46258 | E34: ПИК2В | F34: Подписан обеими сторонами | G34: эксплуатация | H34: Люблинский парк | I34: ООО "ГЛОБАЛСТРОЙТЕХ" | J34: Д570794/24 от 24.01.2024 | K34: 1236238.9 | L34: =K34-M34 -> 0 | M34: 1236238.9 | N34: 0 | O34: 0 | P34: 0 | Q34: =M34-N34-P34 -> 1236238.9 | S34: =Q34-R34 -> 1236238.9
A35: Д | C35: к12 | D35: 46258 | E35: ПИК2В | F35: Подписан обеими сторонами | G35: эксплуатация | H35: Люблинский парк | I35: ООО "ГЛОБАЛСТРОЙТЕХ" | J35: Д572864/24 от 08.02.2024 | K35: 1070464.9 | L35: =K35-M35 -> 0 | M35: 1070464.9 | N35: 0 | O35: 0 | P35: 0 | Q35: =M35-N35-P35 -> 1070464.9 | R35: 1070464.9 | S35: =Q35-R35 -> 0
A36: Д | C36: к12 (уборка за территорией ЖК зимой) | D36: 46258 | E36: ПИК2В | F36: Подписан обеими сторонами | G36: эксплуатация | H36: Люблинский парк | I36: ООО "ГЛОБАЛСТРОЙТЕХ" | J36: Д1543313/26 от 06.05.2026 | K36: 2999787 | L36: =K36-M36 -> 0 | M36: 2999787 | N36: 0 | O36: 0 | P36: 0 | Q36: =M36-N36-P36 -> 2999787 | S36: =Q36-R36 -> 2999787
A37: Д | C37: к34 | D37: 46261 | E37: ПИК2В | F37: Подписан обеими сторонами | G37: подготовительные работы | H37: Люблинский парк | I37: ООО "ГЛОБАЛСТРОЙТЕХ" | J37: Д413965/23 от 20.10.2023 | K37: 788275 | L37: =K37-M37 -> 0 | M37: 788275 | N37: 772509.5 | O37: 0 | P37: 15765.5 | Q37: =M37-N37-P37 -> 0 | S37: =Q37-R37 -> 0
A38: А | F38: Подписан обеими сторонами | G38: подготовительные работы | H38: Матвеевский парк | I38: ООО "ПИК-УК" | J38: 019346722 от 30.05.2024 | K38: 321075 | L38: =K38-M38 -> 0 | M38: 321075 | N38: 314653.5 | O38: 0 | P38: 6421.5 | Q38: =M38-N38-P38 -> 0 | S38: =Q38-R38 -> 0 | T38: МОБ 4 кв
A39: А | C39: Экспл Городок | F39: Подписан обеими сторонами | G39: эксплуатация | H39: Матвеевский парк | I39: ООО "ПИК-УК" | J39: 021616823 от 23.05.2025 | K39: 1552418.5 | L39: =K39-M39 -> 0 | M39: 1552418.5 | N39: 0 | O39: 0 | P39: 0 | Q39: =M39-N39-P39 -> 1552418.5 | R39: =Q39 -> 1552418.5 | S39: =Q39-R39 -> 0 | T39: Экспл Городок
A40: А | F40: Подписан обеими сторонами | G40: эксплуатация | H40: Матвеевский парк | I40: ООО "ПИК-УК" | J40: 023532811 от 14.05.2026 | K40: 780418.3 | L40: =K40-M40 -> 0 | M40: 780418.3 | N40: 0 | O40: 0 | P40: 0 | Q40: =M40-N40-P40 -> 780418.3 | R40: =Q40 -> 780418.3 | S40: =Q40-R40 -> 0 | T40: ЭКСП Среда
A41: А | C41: ЭКСП 4 квартал | F41: Подписан обеими сторонами | G41: эксплуатация | H41: Матвеевский парк | I41: ООО "ПИК-УК" | J41: 019968493 от 03.09.2024 | K41: 2389200.2 | L41: =K41-M41 -> 0 | M41: 2389200.2 | N41: 0 | O41: 0 | P41: 0 | Q41: =M41-N41-P41 -> 2389200.2 | S41: =Q41-R41 -> 2389200.2 | T41: ЭКСП 4 квартал
A42: А | C42: Экспл кадастры | F42: Подписан обеими сторонами | G42: эксплуатация | H42: Матвеевский парк | I42: ООО "ПИК-УК" | J42: 021963258 от 29.07.2025 | K42: 3995949.6 | L42: =K42-M42 -> 0 | M42: 3995949.6 | N42: 0 | O42: 0 | P42: 0 | Q42: =M42-N42-P42 -> 3995949.6 | R42: =Q42 -> 3995949.6 | S42: =Q42-R42 -> 0 | T42: Экспл кадастры
A43: А | C43: Экспл Проезд | F43: Подписан обеими сторонами | G43: эксплуатация | H43: Матвеевский парк | I43: ООО "ПИК-УК" | J43: 023164846 от 11.03.2026 | K43: 1203179.4 | L43: =K43-M43 -> 0 | M43: 1203179.4 | N43: 0 | O43: 0 | P43: 0 | Q43: =M43-N43-P43 -> 1203179.4 | R43: 1203179.4 | S43: =Q43-R43 -> 0 | T43: Экспл Проезд
A44: Е | E44: ПИК | F44: Подписан обеими сторонами | G44: эксплуатация | H44: Обручева 27 | I44: ООО "ПИК-УК" | J44: 022941730 от 01.01.2026 | K44: 1214412.8 | L44: =K44-M44 -> 0 | M44: 1214412.8 | Q44: =M44-N44-P44 -> 1214412.8 | S44: =Q44-R44 -> 1214412.8
A45: Е | E45: ПИК | F45: Подписан обеими сторонами | G45: подготовительные работы | H45: Обручева 27 | I45: ООО "ПИК-УК" | J45: ОБРУЧСЗС2025 от 18.12.2025 г | K45: 381225.34 | L45: =K45-M45 -> 0 | M45: 381225.34 | Q45: =M45-N45-P45 -> 381225.34 | S45: =Q45-R45 -> 381225.34
A46: М | F46: Подписан обеими сторонами | G46: эксплуатация/мобилизация | H46: Первый Московский Фаза 9, ДОО | I46: ООО "НДК" | J46: ПМ/ДОО9/ПП от 27 ноября 2025 | K46: 715987.68 | L46: =K46-M46 -> 0 | M46: 715987.68 | Q46: =M46-N46-P46 -> 715987.68 | R46: =Q46 -> 715987.68 | S46: =Q46-R46 -> 0
A47: М | F47: Подписан обеими сторонами | G47: эксплуатация/мобилизация | H47: Первый Московский Фаза 9, ДОО | I47: ООО "НДК" | J47: ПМ/ДОО9/ПП от 27 ноября 2025 | K47: 1166152.2 | L47: =K47-M47 -> 0 | M47: 1166152.2 | Q47: =M47-N47-P47 -> 1166152.2 | R47: =Q47 -> 1166152.2 | S47: =Q47-R47 -> 0
A48: М | F48: Подписан обеими сторонами | G48: эксплуатация/мобилизация | H48: Первый Московский Фаза 8.2, СОШ | I48: ООО "НДК" | J48: ПМ/СОШ8/ПП от 03 января 2025 | K48: 15838982 | L48: =K48-M48 -> 0 | M48: 15838982 | N48: 14912000 | Q48: =M48-N48-P48 -> 926981.94 | R48: =Q48 -> 926981.94 | S48: =Q48-R48 -> 0
A49: М | F49: Подписан обеими сторонами | G49: эксплуатация/мобилизация | H49: Первый Московский Фаза 8.2, СОШ | I49: ООО "НДК" | J49: ПМ/СОШ8/ПП от 03 января 2025 | K49: 737083.34 | L49: =K49-M49 -> 0 | M49: 737083.34 | Q49: =M49-N49-P49 -> 737083.34 | R49: 737083.34 | S49: =Q49-R49 -> 0
A50: А | F50: Подписан обеими сторонами | G50: эксплуатация | H50: Саларьево парк | I50: ООО "ПИК-МЕНЕДЖМЕНТ" | J50: 023191344 от 16.03.2026 | K50: 1102215.1 | L50: =K50-M50 -> 0 | M50: 1102215.1 | N50: 0 | O50: 0 | P50: 0 | Q50: =M50-N50-P50 -> 1102215.1 | R50: 1102215.1 | S50: =Q50-R50 -> 0
A51: А | F51: Подписан обеими сторонами | G51: эксплуатация | H51: Саларьево парк | I51: ООО "ПИК-МЕНЕДЖМЕНТ" | J51: 022086879 от 19.08.2025 | K51: 1487004.4 | L51: =K51-M51 -> 0 | M51: 1487004.4 | N51: 0 | O51: 0 | P51: 0 | Q51: =M51-N51-P51 -> 1487004.4 | R51: 1487004.4 | S51: =Q51-R51 -> 0
A52: А | F52: Подписан обеими сторонами | G52: эксплуатация | H52: Саларьево парк | I52: ООО "ПИК-МЕНЕДЖМЕНТ" | J52: 023679723 от 09.06.2026 | K52: 975146.98 | L52: =K52-M52 -> 0 | M52: 975146.98 | N52: 0 | O52: 0 | P52: 0 | Q52: =M52-N52-P52 -> 975146.98 | R52: 975146.98 | S52: =Q52-R52 -> 0
A53: А | F53: Подписан обеими сторонами | G53: эксплуатация | H53: Саларьево парк | I53: ООО "ПИК-МЕНЕДЖМЕНТ" | J53: 021299329 от 24.03.2025 | K53: 1357433.2 | L53: =K53-M53 -> 0 | M53: 1357433.2 | N53: 0 | O53: 0 | P53: 0 | Q53: =M53-N53-P53 -> 1357433.2 | R53: 1357433.2 | S53: =Q53-R53 -> 0
A54: А | F54: Подписан обеими сторонами | G54: эксплуатация | H54: Саларьево парк | I54: ООО "ПИК-МЕНЕДЖМЕНТ" | J54: 022427735 от 14.11.2025 | K54: 1752431.4 | L54: =K54-M54 -> 0 | M54: 1752431.4 | N54: 0 | O54: 0 | P54: 0 | Q54: =M54-N54-P54 -> 1752431.4 | R54: 1752431.4 | S54: =Q54-R54 -> 0
A55: А | F55: Подписан обеими сторонами | G55: подготовительные работы | H55: Саларьево парк | I55: ООО "ПИК-МЕНЕДЖМЕНТ" | J55: 022298209 от 30.09.2025 | K55: 511202.45 | L55: =K55-M55 -> 0 | M55: 511202.45 | N55: 0 | O55: 0 | P55: 0 | Q55: =M55-N55-P55 -> 511202.45 | R55: 511202.45 | S55: =Q55-R55 -> 0
A56: А | F56: Подписан обеими сторонами | G56: подготовительные работы | H56: Саларьево парк | I56: ООО "ПИК-МЕНЕДЖМЕНТ" | J56: 018088049 от 16.11.2023 | K56: 1351209.9 | L56: =K56-M56 -> 0 | M56: 1351209.9 | N56: 0 | O56: 0 | P56: 27024.2 | Q56: =M56-N56-P56 -> 1324185.7 | S56: =Q56-R56 -> 1324185.7
A57: А | F57: Подписан обеими сторонами | G57: подготовительные работы | H57: Саларьево парк | I57: ООО "ПИК-МЕНЕДЖМЕНТ" | J57: 020545364 от 26.11.2024 | K57: 1519453.9 | L57: =K57-M57 -> 0 | M57: 1519453.9 | N57: 0 | O57: 0 | P57: 30389.09 | Q57: =M57-N57-P57 -> 1489064.8 | R57: 1489064.8 | S57: =Q57-R57 -> 0
A58: А | F58: Подписан обеими сторонами | G58: подготовительные работы | H58: Саларьево парк | I58: ООО "ПИК-МЕНЕДЖМЕНТ" | J58: 021776439 от 20.06.2025 | K58: 608921.96 | L58: =K58-M58 -> 0 | M58: 608921.96 | N58: 0 | O58: 0 | P58: 0 | Q58: =M58-N58-P58 -> 608921.96 | R58: 608921.96 | S58: =Q58-R58 -> 0
A59: А | F59: Подписан обеими сторонами | G59: эксплуатация | H59: Саларьево парк | I59: ООО "ПИК-МЕНЕДЖМЕНТ" | J59: 023684716 от 10.06.2026 | K59: 1116030.2 | L59: =K59-M59 -> 0 | M59: 1116030.2 | N59: 0 | O59: 0 | P59: 0 | Q59: =M59-N59-P59 -> 1116030.2 | R59: 1116030.2 | S59: =Q59-R59 -> 0
A60: А | F60: Подписан обеими сторонами | G60: подготовительные работы | H60: Саларьево парк | I60: ООО "ПИК-МЕНЕДЖМЕНТ" | J60: 022039867 от 11.08.2025 | K60: 589137.52 | L60: =K60-M60 -> 0 | M60: 589137.52 | N60: 0 | O60: 0 | P60: 0 | Q60: =M60-N60-P60 -> 589137.52 | S60: =Q60-R60 -> 589137.52
A61: А | F61: Подписан обеими сторонами | G61: подготовительные работы | H61: Саларьево парк | I61: ООО "ПИК-МЕНЕДЖМЕНТ" | J61: 022298241 от 29.09.2025 | K61: 1530828 | L61: =K61-M61 -> 0 | M61: 1530828 | N61: 1255306.4 | O61: 0 | P61: 0 | Q61: =M61-N61-P61 -> 275521.62 | R61: 275521.62 | S61: =Q61-R61 -> 0
A62: Е | C62: июль-август 2026 | E62: ПИК | F62: Подписан обеими сторонами | G62: эксплуатация | H62: Сигнальный | I62: ООО "ГЛОБАЛСТРОЙТЕХ" | J62: 022257183 от 22.09.2025 | K62: 2535944.2 | L62: =K62-M62 -> 0 | M62: 2535944.2 | Q62: =M62-N62-P62 -> 2535944.2 | R62: =Q62 -> 2535944.2 | S62: =Q62-R62 -> 0
A63: М | E63: ПИК | F63: На согласовании ДС | G63: подготовительные работы | H63: Сигнальный | I63: ООО "ГЛОБАЛСТРОЙТЕХ" | J63: 016922599 от 24.05.2023 | K63: 1799635.9 | L63: =K63-M63 -> 0 | M63: 1799635.9 | Q63: =M63-N63-P63 -> 1799635.9 | S63: =Q63-R63 -> 1799635.9
A64: М | E64: ПИК | F64: Подписан обеими сторонами | G64: подготовительные работы | H64: Сигнальный | I64: ООО "ГЛОБАЛСТРОЙТЕХ" | J64: МОБИЛИЗАЦИЯ-СИГН16 от 08.04.2024 | K64: 796049.43 | L64: =K64-M64 -> 0 | M64: 796049.43 | P64: 15920.99 | Q64: =M64-N64-P64 -> 780128.44 | S64: =Q64-R64 -> 780128.44
A65: Е | E65: ПИК | F65: Подписан обеими сторонами | G65: эксплуатация | H65: Строгино | I65: ООО "ПИК-МЕНЕДЖМЕНТ" | J65: 022877879 от 16.01.2026 | K65: 1374996.8 | L65: =K65-M65 -> 0 | M65: 1374996.8 | N65: =L65 -> 0 | O65: 0 | P65: =N65 -> 0 | Q65: =M65-N65-P65 -> 1374996.8 | S65: =Q65-R65 -> 1374996.8
A66: А | F66: Подписан обеими сторонами | G66: подготовительные работы | H66: Часовая | I66: ООО "ПИК-УК" | J66: ЧСВ-СКАЛА-МОБ от 20.06.2025 | K66: 1266786.9 | L66: =K66-M66 -> 0 | M66: 1266786.9 | N66: 1266786.9 | O66: 0 | P66: 0 | Q66: =M66-N66-P66 -> 0 | S66: =Q66-R66 -> 0
A67: А | F67: Подписан обеими сторонами | G67: эксплуатация | H67: Часовая | I67: ООО "ПИК-УК" | J67: ЧСВ-СКАЛА-ЭКСПЛ от 10.03.2025 | K67: 2178113.7 | L67: =K67-M67 -> 0 | M67: 2178113.7 | N67: 0 | O67: 0 | P67: 0 | Q67: =M67-N67-P67 -> 2178113.7 | R67: 2178113.7 | S67: =Q67-R67 -> 0
A68: исполнитель | B68: подано
G69: ПОДАНО КС
G70: ОБЩЕЕ | K70: =SUM(K4:K69) -> 1.0521163e+08 | L70: =SUM(L4:L68) -> 0 | M70: =SUM(M4:M68) -> 1.0521163e+08 | N70: =SUM(N4:N68) -> 26609315 | P70: =SUM(P4:P68) -> 466476.44 | Q70: =SUM(Q4:Q68) -> 78135838 | R70: =SUM(R4:R68) -> 51382431 | S70: =SUM(S4:S68) -> 26753407
G71: ЗЕМЛЯНЫЕ РАБОТЫ | K71: =SUMIF($G$4:$G$68,"*земляные работы*",K4:K68) -> 0 | L71: =SUMIF($G$4:$G$68,"*земляные работы*",L4:L68) -> 0 | M71: =SUMIF($G$4:$G$68,"*земляные работы*",M4:M68) -> 0 | N71: =SUMIF($G$4:$G$68,"*земляные работы*",N4:N68) -> 0 | P71: =SUMIF($G$4:$G$68,"*земляные работы*",P4:P68) -> 0 | Q71: =SUMIF($G$4:$G$68,"*земляные работы*",Q4:Q68) -> 0 | R71: =SUMIF($G$4:$G$68,"*земляные работы*",R4:R68) -> 0 | S71: =SUMIF($G$4:$G$68,"*земляные работы*",S4:S68) -> 0
G72: ПОДГОТОВИТЕЛЬНЫЕ РАБОТЫ | K72: =SUMIF($G$4:$G$68,"*подготовительные работы*",K4:K68) -> 28890795 | L72: =SUMIF($G$4:$G$68,"*подготовительные работы*",L4:L68) -> 0 | M72: =SUMIF($G$4:$G$68,"*подготовительные работы*",M4:M68) -> 28890795 | N72: =SUMIF($G$4:$G$68,"*подготовительные работы*",N4:N68) -> 8092316.7 | P72: =SUMIF($G$4:$G$68,"*подготовительные работы*",P4:P68) -> 466476.44 | Q72: =SUMIF($G$4:$G$68,"*подготовительные работы*",Q4:Q68) -> 20332002 | R72: =SUMIF($G$4:$G$68,"*подготовительные работы*",R4:R68) -> 12609737 | S72: =SUMIF($G$4:$G$68,"*подготовительные работы*",S4:S68) -> 7722264.7
G73: ЭКСПЛУАТАЦИЯ | K73: =SUMIF($G$4:$G$68,"*эксплуатация*",K4:K68) -> 72485000 | L73: =SUMIF($G$4:$G$68,"*эксплуатация*",L4:L68) -> 0 | M73: =SUMIF($G$4:$G$68,"*эксплуатация*",M4:M68) -> 72485000 | N73: =SUMIF($G$4:$G$68,"*эксплуатация*",N4:N68) -> 14912000 | P73: =SUMIF($G$4:$G$68,"*эксплуатация*",P4:P68) -> 0 | Q73: =SUMIF($G$4:$G$68,"*эксплуатация*",Q4:Q68) -> 57573000 | R73: =SUMIF($G$4:$G$68,"*эксплуатация*",R4:R68) -> 38541858 | S73: =SUMIF($G$4:$G$68,"*эксплуатация*",S4:S68) -> 19031142
G74: ВОДОПОНИЖЕНИЕ | K74: =SUMIF($G$4:$G$68,"*водопонижение*",K4:K68) -> 0 | L74: =SUMIF($G$4:$G$68,"*водопонижение*",L4:L68) -> 0 | M74: =SUMIF($G$4:$G$68,"*водопонижение*",M4:M68) -> 0 | N74: =SUMIF($G$4:$G$68,"*водопонижение*",N4:N68) -> 0 | P74: =SUMIF($G$4:$G$68,"*водопонижение*",P4:P68) -> 0 | Q74: =SUMIF($G$4:$G$68,"*водопонижение*",Q4:Q68) -> 0 | R74: =SUMIF($G$4:$G$68,"*водопонижение*",R4:R68) -> 0 | S74: =SUMIF($G$4:$G$68,"*водопонижение*",S4:S68) -> 0
G75: ЭЛЕКТРОМОНТАЖНЫЕ РАБОТЫ | K75: =SUMIF($G$4:$G$68,"*электромонтажные работы*",K4:K68) -> 0 | L75: =SUMIF($G$4:$G$68,"*электромонтажные работы*",L4:L68) -> 0 | M75: =SUMIF($G$4:$G$68,"*электромонтажные работы*",M4:M68) -> 0 | N75: =SUMIF($G$4:$G$68,"*электромонтажные работы*",N4:N68) -> 0 | P75: =SUMIF($G$4:$G$68,"*электромонтажные работы*",P4:P68) -> 0 | Q75: =SUMIF($G$4:$G$68,"*электромонтажные работы*",Q4:Q68) -> 0 | R75: =SUMIF($G$4:$G$68,"*электромонтажные работы*",R4:R68) -> 0 | S75: =SUMIF($G$4:$G$68,"*электромонтажные работы*",S4:S68) -> 0
G76: ПО СТАТУСУ КС
G77: На согласовании СК | K77: =SUMIF($F$4:$F$68,"На согласовании СК",K4:K68) -> 0 | L77: =SUMIF($F$4:$F$68,"На согласовании СК",L4:L68) -> 0 | M77: =SUMIF($F$4:$F$68,"На согласовании СК",M4:M68) -> 0 | N77: =SUMIF($F$4:$F$68,"На согласовании СК",N4:N68) -> 0 | P77: =SUMIF($F$4:$F$68,"На согласовании СК",P4:P68) -> 0 | Q77: =SUMIF($F$4:$F$68,"На согласовании СК",Q4:Q68) -> 0 | R77: =SUMIF($F$4:$F$68,"На согласовании СК",R4:R68) -> 0 | S77: =SUMIF($F$4:$F$68,"На согласовании СК",S4:S68) -> 0
G78: На согласовании ДС | K78: =SUMIF($F$4:$F$68,"На согласовании ДС",K4:K68) -> 1799635.9 | L78: =SUMIF($F$4:$F$68,"На согласовании ДС",L4:L68) -> 0 | M78: =SUMIF($F$4:$F$68,"На согласовании ДС",M4:M68) -> 1799635.9 | N78: =SUMIF($F$4:$F$68,"На согласовании ДС",N4:N68) -> 0 | P78: =SUMIF($F$4:$F$68,"На согласовании ДС",P4:P68) -> 0 | Q78: =SUMIF($F$4:$F$68,"На согласовании ДС",Q4:Q68) -> 1799635.9 | R78: =SUMIF($F$4:$F$68,"На согласовании ДС",R4:R68) -> 0 | S78: =SUMIF($F$4:$F$68,"На согласовании ДС",S4:S68) -> 1799635.9
G79: Ожидается подпись контрагента (бумага, диадок) | K79: =SUMIF($F$4:$F$68,"ожидается подпись контрагента",K4:K68) -> 0 | L79: =SUMIF($F$4:$F$68,"ожидается подпись контрагента",L4:L68) -> 0 | M79: =SUMIF($F$4:$F$68,"ожидается подпись контрагента",M4:M68) -> 0 | N79: =SUMIF($F$4:$F$68,"ожидается подпись контрагента",N4:N68) -> 0 | P79: =SUMIF($F$4:$F$68,"ожидается подпись контрагента",P4:P68) -> 0 | Q79: =SUMIF($F$4:$F$68,"ожидается подпись контрагента",Q4:Q68) -> 0 | R79: =SUMIF($F$4:$F$68,"ожидается подпись контрагента",R4:R68) -> 0 | S79: =SUMIF($F$4:$F$68,"ожидается подпись контрагента",S4:S68) -> 0
G80: На согласовании подрядчика | K80: =SUMIF($F$4:$F$68,"На согласовании подрядчика",K4:K68) -> 0 | L80: =SUMIF($F$4:$F$68,"На согласовании подрядчика",L4:L68) -> 0 | M80: =SUMIF($F$4:$F$68,"На согласовании подрядчика",M4:M68) -> 0 | N80: =SUMIF($F$4:$F$68,"На согласовании подрядчика",N4:N68) -> 0 | P80: =SUMIF($F$4:$F$68,"На согласовании подрядчика",P4:P68) -> 0 | Q80: =SUMIF($F$4:$F$68,"На согласовании подрядчика",Q4:Q68) -> 0 | R80: =SUMIF($F$4:$F$68,"На согласовании подрядчика",R4:R68) -> 0 | S80: =SUMIF($F$4:$F$68,"На согласовании подрядчика",S4:S68) -> 0
G81: Согласован | K81: =SUMIF($F$4:$F$68,"согласован",K4:K68) -> 0 | L81: =SUMIF($F$4:$F$68,"согласован",L4:L68) -> 0 | M81: =SUMIF($F$4:$F$68,"согласован",M4:M68) -> 0 | N81: =SUMIF($F$4:$F$68,"согласован",N4:N68) -> 0 | P81: =SUMIF($F$4:$F$68,"согласован",P4:P68) -> 0 | Q81: =SUMIF($F$4:$F$68,"согласован",Q4:Q68) -> 0 | R81: =SUMIF($F$4:$F$68,"согласован",R4:R68) -> 0 | S81: =SUMIF($F$4:$F$68,"согласован",S4:S68) -> 0
G82: На подписании подрядчика | K82: =SUMIF($F$4:$F$68,"На подписании подрядчика",K4:K68) -> 0 | L82: =SUMIF($F$4:$F$68,"На подписании подрядчика",L4:L68) -> 0 | M82: =SUMIF($F$4:$F$68,"На подписании подрядчика",M4:M68) -> 0 | N82: =SUMIF($F$4:$F$68,"На подписании подрядчика",N4:N68) -> 0 | P82: =SUMIF($F$4:$F$68,"На подписании подрядчика",P4:P68) -> 0 | Q82: =SUMIF($F$4:$F$68,"На подписании подрядчика",Q4:Q68) -> 0 | R82: =SUMIF($F$4:$F$68,"На подписании подрядчика",R4:R68) -> 0 | S82: =SUMIF($F$4:$F$68,"На подписании подрядчика",S4:S68) -> 0
G83: Подписан подрядчиком | K83: =SUMIF($F$4:$F$68,"Подписан подрядчиком",K4:K68) -> 0 | L83: =SUMIF($F$4:$F$68,"Подписан подрядчиком",L4:L68) -> 0 | M83: =SUMIF($F$4:$F$68,"Подписан подрядчиком",M4:M68) -> 0 | N83: =SUMIF($F$4:$F$68,"Подписан подрядчиком",N4:N68) -> 0 | P83: =SUMIF($F$4:$F$68,"Подписан подрядчиком",P4:P68) -> 0 | Q83: =SUMIF($F$4:$F$68,"Подписан подрядчиком",Q4:Q68) -> 0 | R83: =SUMIF($F$4:$F$68,"Подписан подрядчиком",R4:R68) -> 0 | S83: =SUMIF($F$4:$F$68,"Подписан подрядчиком",S4:S68) -> 0
G84: Подписан обеими сторонами | K84: =SUMIF($F$4:$F$68,"Подписан обеими сторонами",K4:K68) -> 1.0341199e+08 | L84: =SUMIF($F$4:$F$68,"Подписан обеими сторонами",L4:L68) -> 0 | M84: =SUMIF($F$4:$F$68,"Подписан обеими сторонами",M4:M68) -> 1.0341199e+08 | N84: =SUMIF($F$4:$F$68,"Подписан обеими сторонами",N4:N68) -> 26609315 | P84: =SUMIF($F$4:$F$68,"Подписан обеими сторонами",P4:P68) -> 466476.44 | Q84: =SUMIF($F$4:$F$68,"Подписан обеими сторонами",Q4:Q68) -> 76336202 | R84: =SUMIF($F$4:$F$68,"Подписан обеими сторонами",R4:R68) -> 51382431 | S84: =SUMIF($F$4:$F$68,"Подписан обеими сторонами",S4:S68) -> 24953771
G85: Ведутся работы | K85: =SUMIF($F$4:$F$68,"ведутся работы",K4:K68) -> 0 | L85: =SUMIF($F$4:$F$68,"ведутся работы",L4:L68) -> 0 | M85: =SUMIF($F$4:$F$68,"ведутся работы",M4:M68) -> 0 | N85: =SUMIF($F$4:$F$68,"ведутся работы",N4:N68) -> 0 | P85: =SUMIF($F$4:$F$68,"ведутся работы",P4:P68) -> 0 | Q85: =SUMIF($F$4:$F$68,"ведутся работы",Q4:Q68) -> 0 | R85: =SUMIF($F$4:$F$68,"ведутся работы",R4:R68) -> 0 | S85: =SUMIF($F$4:$F$68,"ведутся работы",S4:S68) -> 0
G86: Сформирован | K86: =SUMIF($F$4:$F$68,"сформирован",K4:K68) -> 0 | L86: =SUMIF($F$4:$F$68,"сформирован",L4:L68) -> 0 | M86: =SUMIF($F$4:$F$68,"сформирован",M4:M68) -> 0 | N86: =SUMIF($F$4:$F$68,"сформирован",N4:N68) -> 0 | P86: =SUMIF($F$4:$F$68,"сформирован",P4:P68) -> 0 | Q86: =SUMIF($F$4:$F$68,"сформирован",Q4:Q68) -> 0 | R86: =SUMIF($F$4:$F$68,"сформирован",R4:R68) -> 0 | S86: =SUMIF($F$4:$F$68,"сформирован",S4:S68) -> 0
G87: Удален | K87: =SUMIF($F$4:$F$68,"Удален",K4:K68) -> 0 | L87: =SUMIF($F$4:$F$68,"Удален",L4:L68) -> 0 | M87: =SUMIF($F$4:$F$68,"Удален",M4:M68) -> 0 | N87: =SUMIF($F$4:$F$68,"Удален",N4:N68) -> 0 | P87: =SUMIF($F$4:$F$68,"Удален",P4:P68) -> 0 | Q87: =SUMIF($F$4:$F$68,"Удален",Q4:Q68) -> 0 | R87: =SUMIF($F$4:$F$68,"Удален",R4:R68) -> 0 | S87: =SUMIF($F$4:$F$68,"Удален",S4:S68) -> 0
G88: Отклонен | K88: =SUMIF($F$4:$F$68,"Отклонен",K4:K68) -> 0 | L88: =SUMIF($F$4:$F$68,"Отклонен",L4:L68) -> 0 | M88: =SUMIF($F$4:$F$68,"Отклонен",M4:M68) -> 0 | N88: =SUMIF($F$4:$F$68,"Отклонен",N4:N68) -> 0 | P88: =SUMIF($F$4:$F$68,"Отклонен",P4:P68) -> 0 | Q88: =SUMIF($F$4:$F$68,"Отклонен",Q4:Q68) -> 0 | R88: =SUMIF($F$4:$F$68,"Отклонен",R4:R68) -> 0 | S88: =SUMIF($F$4:$F$68,"Отклонен",S4:S68) -> 0

Sheet 09.26
E1: ID акта | F1: Статус согласования | G1: Вид работ | H1: Объект | I1: Заказчик | J1: Договор | K1: Плановая сумма, руб | L1: Не забрали в КС, руб | M1: Итого в КС, руб | N1: Аванс, руб. | O1: штрафы / затраты | P1: Гарант. уд., руб. | Q1: К оплате, руб. | R1: Оплатили, руб | S1: Остаток к оплате, руб. | T1: Комментарии по КС
A4: Е | D4: 46287 | E4: ПИК | F4: Подписан обеими сторонами | G4: эксплуатация | H4: Амурский парк | I4: ООО "ГЛОБАЛСТРОЙТЕХ" | J4: Д17068382-АМУР от 01.06.2023 | K4: 1123304.3 | L4: =K4-M4 -> 0 | M4: =K4 -> 1123304.3 | Q4: =M4-N4-P4 -> 1123304.3 | S4: =Q4-R4 -> 1123304.3 | U4: Объект | V4: SUM из Итого в КС, руб
A5: Е | D5: 46287 | E5: ПИК | F5: Подписан обеими сторонами | G5: эксплуатация | H5: Амурский парк | I5: ООО "ГЛОБАЛСТРОЙТЕХ" | J5: АМУР-ДОО-СКАЛА от 12.03.2024 | K5: 1240273 | L5: =K5-M5 -> 160301.49 | M5: 1079971.5 | Q5: =M5-N5-P5 -> 1079971.5 | S5: =Q5-R5 -> 1079971.5 | V5: 0
A6: Е | C6: Подаем через диадок | F6: Подписан подрядчиком | G6: подготовительные работы | H6: Амурский парк | I6: ООО "ГЛОБАЛСТРОЙТЕХ" | J6: Д022031645-АМУР от 08.08.2025 | K6: 527044.92 | L6: =K6-M6 -> 0 | M6: =K6 -> 527044.92 | Q6: =M6-N6-P6 -> 527044.92 | S6: =Q6-R6 -> 527044.92 | U6: Амурский парк | V6: 2730320.8
A7: Е | D7: 46287 | E7: ПИК | F7: Подписан обеими сторонами | G7: эксплуатация | H7: Большая Академическая | I7: ООО "ПИК-УК" | J7: БА85-СКАЛ-2204 от 22.04.2024 | K7: 1206640.2 | L7: =K7-M7 -> 0 | M7: =K7 -> 1206640.2 | Q7: =M7-N7-P7 -> 1206640.2 | S7: =Q7-R7 -> 1206640.2 | U7: Большая Академическая | V7: 1206640.2
A8: Д | B8: СК безосновательно отклонил | C8: ДОО | D8: 46287 | E8: ПИК2В | F8: Подписан обеими сторонами | G8: эксплуатация | H8: Бусиновский парк | I8: ООО "ПИК-УК" | J8: 023061794 от 18.02.2026 | K8: 455896 | L8: =K8-M8 -> 0 | M8: =K8 -> 455896 | N8: 0 | O8: 0 | P8: 0 | Q8: =M8-N8-P8 -> 455896 | S8: =Q8-R8 -> 455896 | U8: Бусиновский парк | V8: 10529487
A9: Д | C9: Площадка | D9: 46287 | E9: ПИК2В | F9: Подписан обеими сторонами | G9: эксплуатация | H9: Бусиновский парк | I9: ООО "ПИК-УК" | J9: ИЖ-250225-содерж/площадка от 01.01.2025 | K9: 1198648.3 | L9: =K9-M9 -> 0 | M9: =K9 -> 1198648.3 | N9: 0 | O9: 0 | P9: 0 | Q9: =M9-N9-P9 -> 1198648.3 | S9: =Q9-R9 -> 1198648.3 | U9: Бусиновский парк (Реновация) | V9: 2800623.1
A10: Д | B10: СК порезал | C10: Блок 4 | D10: 46287 | E10: ПИК2В | F10: Подписан обеими сторонами | G10: эксплуатация | H10: Бусиновский парк (Реновация) | I10: ООО "ПИК-УК" | J10: БП4.1-4-4_2 от 28.11.2025 | K10: 1020191.1 | L10: =K10-M10 -> 0 | M10: =K10 -> 1020191.1 | Q10: =M10-N10-P10 -> 1020191.1 | S10: =Q10-R10 -> 1020191.1 | U10: Волжский парк | V10: 1259122.4
A11: Д | C11: Блок 5 | D11: 46287 | E11: ПИК2В | F11: Подписан обеими сторонами | G11: эксплуатация | H11: Бусиновский парк (Реновация) | I11: ООО "ПИК-УК" | J11: БП5.1-5.4_3 от 01.12.2025 | K11: 1148970.8 | L11: =K11-M11 -> 0 | M11: =K11 -> 1148970.8 | Q11: =M11-N11-P11 -> 1148970.8 | S11: =Q11-R11 -> 1148970.8 | U11: Грин парк | V11: 1212922.3
A12: Д | D12: 46286 | E12: ПИК2В | F12: Подписан обеими сторонами | G12: эксплуатация | H12: Северный терминал | I12: ООО "ПИК-УК" | J12: СТ-250213-содерж/площадка от 01.01.2025 | K12: 1113784.2 | L12: =K12-M12 -> 0 | M12: =K12 -> 1113784.2 | Q12: =M12-N12-P12 -> 1113784.2 | S12: =Q12-R12 -> 1113784.2 | U12: Досфлота | V12: 2086423.4
A13: Д | C13: 23-25 | D13: 46289 | E13: ПИК2В | F13: Подписан обеими сторонами | G13: подготовительные работы | H13: Бусиновский парк | I13: ООО "ПИК-УК" | J13: 023880269 от 10.07.2026 | K13: 6582316.4 | L13: =K13-M13 -> 0 | M13: =K13 -> 6582316.4 | N13: 5000000 | O13: 0 | P13: 329115.82 | Q13: =M13-N13-P13 -> 1253200.6 | S13: =Q13-R13 -> 1253200.6 | U13: Зелёный парк | V13: 11733745
A14: Д | C14: 46083 | D14: 46289 | E14: ПИК2В | F14: Подписан обеими сторонами | G14: подготовительные работы | H14: Бусиновский парк | I14: ООО "ПИК-УК" | J14: ИЖ-240125-ОРГстроиПл/2.3 от 25.12.2023 | K14: 176727.3 | L14: =K14-M14 -> 0 | M14: =K14 -> 176727.3 | N14: 0 | O14: 0 | P14: 3534.55 | Q14: =M14-N14-P14 -> 173192.75 | S14: =Q14-R14 -> 173192.75 | U14: Кронштадтский 11 | V14: 842891.49
